time,msenconds,signal,signal_copy
00:02:56.317416,0.413,CdcBokgChrgSts:Not req,"CdcBokgChrgSts
Not req"
00:02:56.319683,0.413,CdcBokgChrgSts:Not req,"CdcBokgChrgSts
Not req"
00:02:56.321208,0.413,CdcBokgChrgSts:Not req,"CdcBokgChrgSts
Not req"
00:02:56.322518,0.413,CdcBokgChrgSts:Not req,"CdcBokgChrgSts
Not req"
00:02:56.351813,0.448,CdcBokgChrgSts:Not req,"CdcBokgChrgSts
Not req"
00:02:56.454434,0.550,CdcBokgChrgSts:Not req,"CdcBokgChrgSts
Not req"
00:02:56.554820,0.651,CdcBokgChrgSts:Not req,"CdcBokgChrgSts
Not req"
00:02:56.654382,0.750,CdcBokgChrgSts:Not req,"CdcBokgChrgSts
Not req"
00:02:56.752300,0.848,CdcBokgChrgSts:Not req,"CdcBokgChrgSts
Not req"
00:02:56.854352,0.950,CdcBokgChrgSts:Not req,"CdcBokgChrgSts
Not req"
00:02:56.954759,1.051,CdcBokgChrgSts:Not req,"CdcBokgChrgSts
Not req"
00:02:57.055189,1.151,CdcBokgChrgSts:Not req,"CdcBokgChrgSts
Not req"
00:02:57.155509,1.251,CdcBokgChrgSts:Not req,"CdcBokgChrgSts
Not req"
00:02:57.255095,1.351,CdcBokgChrgSts:Not req,"CdcBokgChrgSts
Not req"
00:02:57.356234,1.452,CdcBokgChrgSts:Not req,"CdcBokgChrgSts
Not req"
00:02:57.453891,1.550,CdcBokgChrgSts:Not req,"CdcBokgChrgSts
Not req"
00:02:57.555427,1.651,CdcBokgChrgSts:Not req,"CdcBokgChrgSts
Not req"
00:02:57.656124,1.752,CdcBokgChrgSts:Not req,"CdcBokgChrgSts
Not req"
00:02:57.756588,1.852,CdcBokgChrgSts:Not req,"CdcBokgChrgSts
Not req"
00:02:57.857362,1.953,CdcBokgChrgSts:Not req,"CdcBokgChrgSts
Not req"
00:02:57.956447,2.052,CdcBokgChrgSts:Not req,"CdcBokgChrgSts
Not req"
00:02:58.056795,2.153,CdcBokgChrgSts:Not req,"CdcBokgChrgSts
Not req"
00:02:58.158015,2.254,CdcBokgChrgSts:Not req,"CdcBokgChrgSts
Not req"
00:02:58.257122,2.353,CdcBokgChrgSts:Not req,"CdcBokgChrgSts
Not req"
00:02:58.357464,2.453,CdcBokgChrgSts:Not req,"CdcBokgChrgSts
Not req"
00:02:58.458181,2.554,CdcBokgChrgSts:Not req,"CdcBokgChrgSts
Not req"
00:02:58.558691,2.655,CdcBokgChrgSts:Not req,"CdcBokgChrgSts
Not req"
00:02:58.658860,2.755,CdcBokgChrgSts:Not req,"CdcBokgChrgSts
Not req"
00:02:58.759469,2.855,CdcBokgChrgSts:Not req,"CdcBokgChrgSts
Not req"
00:02:58.858590,2.954,CdcBokgChrgSts:Not req,"CdcBokgChrgSts
Not req"
00:02:58.958560,3.054,CdcBokgChrgSts:Not req,"CdcBokgChrgSts
Not req"
00:02:59.058786,3.155,CdcBokgChrgSts:Not req,"CdcBokgChrgSts
Not req"
00:02:59.159222,3.255,CdcBokgChrgSts:Not req,"CdcBokgChrgSts
Not req"
00:02:59.259247,3.355,CdcBokgChrgSts:Not req,"CdcBokgChrgSts
Not req"
00:02:59.359801,3.456,CdcBokgChrgSts:Not req,"CdcBokgChrgSts
Not req"
00:02:59.458891,3.555,CdcBokgChrgSts:Not req,"CdcBokgChrgSts
Not req"
00:02:59.559614,3.655,CdcBokgChrgSts:Not req,"CdcBokgChrgSts
Not req"
00:02:59.660758,3.757,CdcBokgChrgSts:Not req,"CdcBokgChrgSts
Not req"
00:02:59.761500,3.857,CdcBokgChrgSts:Not req,"CdcBokgChrgSts
Not req"
00:02:59.860490,3.956,CdcBokgChrgSts:Not req,"CdcBokgChrgSts
Not req"
00:02:59.961245,4.057,CdcBokgChrgSts:Not req,"CdcBokgChrgSts
Not req"
00:03:00.058976,4.155,CdcBokgChrgSts:Not req,"CdcBokgChrgSts
Not req"
00:03:00.161868,4.258,CdcBokgChrgSts:Not req,"CdcBokgChrgSts
Not req"
00:03:00.261890,4.358,CdcBokgChrgSts:Not req,"CdcBokgChrgSts
Not req"
00:03:00.363213,4.459,CdcBokgChrgSts:Not req,"CdcBokgChrgSts
Not req"
00:03:00.460352,4.556,CdcBokgChrgSts:Not req,"CdcBokgChrgSts
Not req"
00:03:00.562834,4.659,CdcBokgChrgSts:Not req,"CdcBokgChrgSts
Not req"
00:03:00.662315,4.758,CdcBokgChrgSts:Not req,"CdcBokgChrgSts
Not req"
00:03:00.762450,4.858,CdcBokgChrgSts:Not req,"CdcBokgChrgSts
Not req"
00:03:00.862705,4.959,CdcBokgChrgSts:Not req,"CdcBokgChrgSts
Not req"
00:03:00.963635,5.059,CdcBokgChrgSts:Not req,"CdcBokgChrgSts
Not req"
00:03:01.062402,5.158,CdcBokgChrgSts:Not req,"CdcBokgChrgSts
Not req"
00:03:01.164652,5.260,CdcBokgChrgSts:Not req,"CdcBokgChrgSts
Not req"
00:03:01.263684,5.360,CdcBokgChrgSts:Not req,"CdcBokgChrgSts
Not req"
00:03:01.364789,5.461,CdcBokgChrgSts:Not req,"CdcBokgChrgSts
Not req"
00:03:01.463598,5.559,CdcBokgChrgSts:Not req,"CdcBokgChrgSts
Not req"
00:03:01.565731,5.662,CdcBokgChrgSts:Not req,"CdcBokgChrgSts
Not req"
00:03:01.663973,5.760,CdcBokgChrgSts:Not req,"CdcBokgChrgSts
Not req"
00:03:01.764847,5.861,CdcBokgChrgSts:Not req,"CdcBokgChrgSts
Not req"
00:03:01.864611,5.960,CdcBokgChrgSts:Not req,"CdcBokgChrgSts
Not req"
00:03:01.965411,6.061,CdcBokgChrgSts:Not req,"CdcBokgChrgSts
Not req"
00:03:02.065759,6.162,CdcBokgChrgSts:Not req,"CdcBokgChrgSts
Not req"
00:03:02.164579,6.260,CdcBokgChrgSts:Not req,"CdcBokgChrgSts
Not req"
00:03:02.264820,6.361,CdcBokgChrgSts:Not req,"CdcBokgChrgSts
Not req"
00:03:02.365917,6.462,CdcBokgChrgSts:Not req,"CdcBokgChrgSts
Not req"
00:03:02.466184,6.562,CdcBokgChrgSts:Not req,"CdcBokgChrgSts
Not req"
00:03:02.566628,6.662,CdcBokgChrgSts:Not req,"CdcBokgChrgSts
Not req"
00:03:02.666557,6.762,CdcBokgChrgSts:Not req,"CdcBokgChrgSts
Not req"
00:03:02.768462,6.864,CdcBokgChrgSts:Not req,"CdcBokgChrgSts
Not req"
00:03:02.867068,6.963,CdcBokgChrgSts:Not req,"CdcBokgChrgSts
Not req"
00:03:02.967258,7.063,CdcBokgChrgSts:Not req,"CdcBokgChrgSts
Not req"
00:03:03.068253,7.164,CdcBokgChrgSts:Not req,"CdcBokgChrgSts
Not req"
00:03:03.168256,7.264,CdcBokgChrgSts:Not req,"CdcBokgChrgSts
Not req"
00:03:03.266975,7.363,CdcBokgChrgSts:Not req,"CdcBokgChrgSts
Not req"
00:03:03.367707,7.464,CdcBokgChrgSts:Not req,"CdcBokgChrgSts
Not req"
00:03:03.469221,7.565,CdcBokgChrgSts:Not req,"CdcBokgChrgSts
Not req"
00:03:03.567986,7.664,CdcBokgChrgSts:Not req,"CdcBokgChrgSts
Not req"
00:03:03.668436,7.764,CdcBokgChrgSts:Not req,"CdcBokgChrgSts
Not req"
00:03:03.768276,7.864,CdcBokgChrgSts:Not req,"CdcBokgChrgSts
Not req"
00:03:03.868476,7.964,CdcBokgChrgSts:Not req,"CdcBokgChrgSts
Not req"
00:03:03.968906,8.065,CdcBokgChrgSts:Not req,"CdcBokgChrgSts
Not req"
00:03:04.069804,8.166,CdcBokgChrgSts:Not req,"CdcBokgChrgSts
Not req"
00:03:04.169537,8.265,CdcBokgChrgSts:Not req,"CdcBokgChrgSts
Not req"
00:03:04.269703,8.366,CdcBokgChrgSts:Not req,"CdcBokgChrgSts
Not req"
00:03:04.370525,8.466,CdcBokgChrgSts:Not req,"CdcBokgChrgSts
Not req"
00:03:04.469527,8.565,CdcBokgChrgSts:Not req,"CdcBokgChrgSts
Not req"
00:03:04.571815,8.668,CdcBokgChrgSts:Not req,"CdcBokgChrgSts
Not req"
00:03:04.668416,8.764,CdcBokgChrgSts:Not req,"CdcBokgChrgSts
Not req"
00:03:04.771389,8.867,CdcBokgChrgSts:Not req,"CdcBokgChrgSts
Not req"
00:03:04.871163,8.967,CdcBokgChrgSts:Not req,"CdcBokgChrgSts
Not req"
00:03:04.970519,9.066,CdcBokgChrgSts:Not req,"CdcBokgChrgSts
Not req"
00:03:05.071620,9.167,CdcBokgChrgSts:Not req,"CdcBokgChrgSts
Not req"
00:03:05.171788,9.268,CdcBokgChrgSts:Not req,"CdcBokgChrgSts
Not req"
00:03:05.270899,9.367,CdcBokgChrgSts:Not req,"CdcBokgChrgSts
Not req"
00:03:05.370662,9.467,CdcBokgChrgSts:Not req,"CdcBokgChrgSts
Not req"
00:03:05.469815,9.566,CdcBokgChrgSts:Not req,"CdcBokgChrgSts
Not req"
00:03:05.571788,9.668,CdcBokgChrgSts:Not req,"CdcBokgChrgSts
Not req"
00:03:05.672103,9.768,CdcBokgChrgSts:Not req,"CdcBokgChrgSts
Not req"
00:03:05.774741,9.871,CdcBokgChrgSts:Not req,"CdcBokgChrgSts
Not req"
00:03:05.873187,9.969,CdcBokgChrgSts:Not req,"CdcBokgChrgSts
Not req"
00:03:05.973556,10.069,CdcBokgChrgSts:Not req,"CdcBokgChrgSts
Not req"
00:03:06.072822,10.169,CdcBokgChrgSts:Not req,"CdcBokgChrgSts
Not req"
00:03:06.171863,10.268,CdcBokgChrgSts:Not req,"CdcBokgChrgSts
Not req"
00:03:06.274190,10.370,CdcBokgChrgSts:Not req,"CdcBokgChrgSts
Not req"
00:03:06.373226,10.469,CdcBokgChrgSts:Not req,"CdcBokgChrgSts
Not req"
00:03:06.473668,10.570,CdcBokgChrgSts:Not req,"CdcBokgChrgSts
Not req"
00:03:06.574140,10.670,CdcBokgChrgSts:Not req,"CdcBokgChrgSts
Not req"
00:03:06.674930,10.771,CdcBokgChrgSts:Not req,"CdcBokgChrgSts
Not req"
00:03:06.776470,10.872,CdcBokgChrgSts:Not req,"CdcBokgChrgSts
Not req"
00:03:06.875145,10.971,CdcBokgChrgSts:Not req,"CdcBokgChrgSts
Not req"
00:03:06.974212,11.070,CdcBokgChrgSts:Not req,"CdcBokgChrgSts
Not req"
00:03:07.074855,11.171,CdcBokgChrgSts:Not req,"CdcBokgChrgSts
Not req"
00:03:07.175549,11.271,CdcBokgChrgSts:Not req,"CdcBokgChrgSts
Not req"
00:03:07.275332,11.371,CdcBokgChrgSts:Not req,"CdcBokgChrgSts
Not req"
00:03:07.377332,11.473,CdcBokgChrgSts:Not req,"CdcBokgChrgSts
Not req"
00:03:07.474745,11.571,CdcBokgChrgSts:Not req,"CdcBokgChrgSts
Not req"
00:03:07.576308,11.672,CdcBokgChrgSts:Not req,"CdcBokgChrgSts
Not req"
00:03:07.677094,11.773,CdcBokgChrgSts:Not req,"CdcBokgChrgSts
Not req"
00:03:07.776065,11.872,CdcBokgChrgSts:Not req,"CdcBokgChrgSts
Not req"
00:03:07.877068,11.973,CdcBokgChrgSts:Not req,"CdcBokgChrgSts
Not req"
00:03:07.978535,12.074,CdcBokgChrgSts:Not req,"CdcBokgChrgSts
Not req"
00:03:08.076733,12.173,CdcBokgChrgSts:Not req,"CdcBokgChrgSts
Not req"
00:03:08.178398,12.274,CdcBokgChrgSts:Not req,"CdcBokgChrgSts
Not req"
00:03:08.280433,12.376,CdcBokgChrgSts:Not req,"CdcBokgChrgSts
Not req"
00:03:08.375900,12.472,CdcBokgChrgSts:Not req,"CdcBokgChrgSts
Not req"
00:03:08.477398,12.573,CdcBokgChrgSts:Not req,"CdcBokgChrgSts
Not req"
00:03:08.577883,12.674,CdcBokgChrgSts:Not req,"CdcBokgChrgSts
Not req"
00:03:08.677927,12.774,CdcBokgChrgSts:Not req,"CdcBokgChrgSts
Not req"
00:03:08.778742,12.875,CdcBokgChrgSts:Not req,"CdcBokgChrgSts
Not req"
00:03:08.878152,12.974,CdcBokgChrgSts:Not req,"CdcBokgChrgSts
Not req"
00:03:08.979349,13.075,CdcBokgChrgSts:Not req,"CdcBokgChrgSts
Not req"
00:03:09.078931,13.175,CdcBokgChrgSts:Not req,"CdcBokgChrgSts
Not req"
00:03:09.177154,13.273,CdcBokgChrgSts:Not req,"CdcBokgChrgSts
Not req"
00:03:09.278654,13.375,CdcBokgChrgSts:Not req,"CdcBokgChrgSts
Not req"
00:03:09.379619,13.475,CdcBokgChrgSts:Not req,"CdcBokgChrgSts
Not req"
00:03:09.479291,13.575,CdcBokgChrgSts:Not req,"CdcBokgChrgSts
Not req"
00:03:09.580532,13.676,CdcBokgChrgSts:Not req,"CdcBokgChrgSts
Not req"
00:03:09.680117,13.776,CdcBokgChrgSts:Not req,"CdcBokgChrgSts
Not req"
00:03:09.780767,13.877,CdcBokgChrgSts:Not req,"CdcBokgChrgSts
Not req"
00:03:09.880197,13.976,CdcBokgChrgSts:Not req,"CdcBokgChrgSts
Not req"
00:03:09.980927,14.077,CdcBokgChrgSts:Not req,"CdcBokgChrgSts
Not req"
00:03:10.080633,14.176,CdcBokgChrgSts:Not req,"CdcBokgChrgSts
Not req"
00:03:10.181526,14.277,CdcBokgChrgSts:Not req,"CdcBokgChrgSts
Not req"
00:03:10.280753,14.377,CdcBokgChrgSts:Not req,"CdcBokgChrgSts
Not req"
00:03:10.382280,14.478,CdcBokgChrgSts:Not req,"CdcBokgChrgSts
Not req"
00:03:10.480607,14.576,CdcBokgChrgSts:Not req,"CdcBokgChrgSts
Not req"
00:03:10.582294,14.678,CdcBokgChrgSts:Not req,"CdcBokgChrgSts
Not req"
00:03:10.681784,14.778,CdcBokgChrgSts:Not req,"CdcBokgChrgSts
Not req"
00:03:10.782695,14.879,CdcBokgChrgSts:Not req,"CdcBokgChrgSts
Not req"
00:03:10.880647,14.976,CdcBokgChrgSts:Not req,"CdcBokgChrgSts
Not req"
00:03:10.982330,15.078,CdcBokgChrgSts:Not req,"CdcBokgChrgSts
Not req"
00:03:11.083027,15.179,CdcBokgChrgSts:Not req,"CdcBokgChrgSts
Not req"
00:03:11.183462,15.279,CdcBokgChrgSts:Not req,"CdcBokgChrgSts
Not req"
00:03:11.283636,15.379,CdcBokgChrgSts:Not req,"CdcBokgChrgSts
Not req"
00:03:11.383975,15.480,CdcBokgChrgSts:Not req,"CdcBokgChrgSts
Not req"
00:03:11.484834,15.581,CdcBokgChrgSts:Not req,"CdcBokgChrgSts
Not req"
00:03:11.584245,15.680,CdcBokgChrgSts:Not req,"CdcBokgChrgSts
Not req"
00:03:11.684659,15.781,CdcBokgChrgSts:Not req,"CdcBokgChrgSts
Not req"
00:03:11.785271,15.881,CdcBokgChrgSts:Not req,"CdcBokgChrgSts
Not req"
00:03:11.886164,15.982,CdcBokgChrgSts:Not req,"CdcBokgChrgSts
Not req"
00:03:11.984386,16.080,CdcBokgChrgSts:Not req,"CdcBokgChrgSts
Not req"
00:03:12.084032,16.180,CdcBokgChrgSts:Not req,"CdcBokgChrgSts
Not req"
00:03:12.184950,16.281,CdcBokgChrgSts:Not req,"CdcBokgChrgSts
Not req"
00:03:12.285829,16.382,CdcBokgChrgSts:Not req,"CdcBokgChrgSts
Not req"
00:03:12.385499,16.481,CdcBokgChrgSts:Not req,"CdcBokgChrgSts
Not req"
00:03:12.486470,16.582,CdcBokgChrgSts:Not req,"CdcBokgChrgSts
Not req"
00:03:12.587165,16.683,CdcBokgChrgSts:Not req,"CdcBokgChrgSts
Not req"
00:03:12.686396,16.782,CdcBokgChrgSts:Not req,"CdcBokgChrgSts
Not req"
00:03:12.786640,16.882,CdcBokgChrgSts:Not req,"CdcBokgChrgSts
Not req"
00:03:12.887681,16.984,CdcBokgChrgSts:Not req,"CdcBokgChrgSts
Not req"
00:03:12.986862,17.083,CdcBokgChrgSts:Not req,"CdcBokgChrgSts
Not req"
00:03:13.087387,17.183,CdcBokgChrgSts:Not req,"CdcBokgChrgSts
Not req"
00:03:13.187597,17.283,CdcBokgChrgSts:Not req,"CdcBokgChrgSts
Not req"
00:03:13.286667,17.383,CdcBokgChrgSts:Not req,"CdcBokgChrgSts
Not req"
00:03:13.388348,17.484,CdcBokgChrgSts:Not req,"CdcBokgChrgSts
Not req"
00:03:13.487007,17.583,CdcBokgChrgSts:Not req,"CdcBokgChrgSts
Not req"
00:03:13.588784,17.685,CdcBokgChrgSts:Not req,"CdcBokgChrgSts
Not req"
00:03:13.688420,17.784,CdcBokgChrgSts:Not req,"CdcBokgChrgSts
Not req"
00:03:13.788443,17.884,CdcBokgChrgSts:Not req,"CdcBokgChrgSts
Not req"
00:03:13.888685,17.985,CdcBokgChrgSts:Not req,"CdcBokgChrgSts
Not req"
00:03:13.990471,18.086,CdcBokgChrgSts:Not req,"CdcBokgChrgSts
Not req"
00:03:14.089141,18.185,CdcBokgChrgSts:Not req,"CdcBokgChrgSts
Not req"
00:03:14.189444,18.285,CdcBokgChrgSts:Not req,"CdcBokgChrgSts
Not req"
00:03:14.289580,18.385,CdcBokgChrgSts:Not req,"CdcBokgChrgSts
Not req"
00:03:14.389765,18.486,CdcBokgChrgSts:Not req,"CdcBokgChrgSts
Not req"
00:03:14.489346,18.585,CdcBokgChrgSts:Not req,"CdcBokgChrgSts
Not req"
00:03:14.590490,18.686,CdcBokgChrgSts:Not req,"CdcBokgChrgSts
Not req"
00:03:14.690621,18.786,CdcBokgChrgSts:Not req,"CdcBokgChrgSts
Not req"
00:03:14.790436,18.886,CdcBokgChrgSts:Not req,"CdcBokgChrgSts
Not req"
00:03:14.890069,18.986,CdcBokgChrgSts:Not req,"CdcBokgChrgSts
Not req"
00:03:14.991175,19.087,CdcBokgChrgSts:Not req,"CdcBokgChrgSts
Not req"
00:03:15.090709,19.187,CdcBokgChrgSts:Not req,"CdcBokgChrgSts
Not req"
00:03:15.192849,19.289,CdcBokgChrgSts:Not req,"CdcBokgChrgSts
Not req"
00:03:15.292707,19.389,CdcBokgChrgSts:Not req,"CdcBokgChrgSts
Not req"
00:03:15.391878,19.488,CdcBokgChrgSts:Not req,"CdcBokgChrgSts
Not req"
00:03:15.490977,19.587,CdcBokgChrgSts:Not req,"CdcBokgChrgSts
Not req"
00:03:15.591823,19.688,CdcBokgChrgSts:Not req,"CdcBokgChrgSts
Not req"
00:03:15.691965,19.788,CdcBokgChrgSts:Not req,"CdcBokgChrgSts
Not req"
00:03:15.792092,19.888,CdcBokgChrgSts:Not req,"CdcBokgChrgSts
Not req"
00:03:15.892624,19.988,CdcBokgChrgSts:Not req,"CdcBokgChrgSts
Not req"
00:03:15.992744,20.089,CdcBokgChrgSts:Not req,"CdcBokgChrgSts
Not req"
00:03:16.092261,20.188,CdcBokgChrgSts:Not req,"CdcBokgChrgSts
Not req"
00:03:16.192021,20.288,CdcBokgChrgSts:Not req,"CdcBokgChrgSts
Not req"
00:03:16.293395,20.389,CdcBokgChrgSts:Not req,"CdcBokgChrgSts
Not req"
00:03:16.393190,20.489,CdcBokgChrgSts:Not req,"CdcBokgChrgSts
Not req"
00:03:16.494054,20.590,CdcBokgChrgSts:Not req,"CdcBokgChrgSts
Not req"
00:03:16.593992,20.690,CdcBokgChrgSts:Not req,"CdcBokgChrgSts
Not req"
00:03:16.693920,20.790,CdcBokgChrgSts:Not req,"CdcBokgChrgSts
Not req"
00:03:16.793930,20.890,CdcBokgChrgSts:Not req,"CdcBokgChrgSts
Not req"
00:03:16.895741,20.992,CdcBokgChrgSts:Not req,"CdcBokgChrgSts
Not req"
00:03:16.994688,21.091,CdcBokgChrgSts:Not req,"CdcBokgChrgSts
Not req"
00:03:17.096441,21.192,CdcBokgChrgSts:Not req,"CdcBokgChrgSts
Not req"
00:03:17.195465,21.291,CdcBokgChrgSts:Not req,"CdcBokgChrgSts
Not req"
00:03:17.297182,21.393,CdcBokgChrgSts:Not req,"CdcBokgChrgSts
Not req"
00:03:17.397318,21.493,CdcBokgChrgSts:Not req,"CdcBokgChrgSts
Not req"
00:03:17.496747,21.593,CdcBokgChrgSts:Not req,"CdcBokgChrgSts
Not req"
00:03:17.597345,21.693,CdcBokgChrgSts:Not req,"CdcBokgChrgSts
Not req"
00:03:17.696420,21.792,CdcBokgChrgSts:Not req,"CdcBokgChrgSts
Not req"
00:03:17.796464,21.892,CdcBokgChrgSts:Not req,"CdcBokgChrgSts
Not req"
00:03:17.896211,21.992,CdcBokgChrgSts:Not req,"CdcBokgChrgSts
Not req"
00:03:17.997354,22.093,CdcBokgChrgSts:Not req,"CdcBokgChrgSts
Not req"
00:03:18.096236,22.192,CdcBokgChrgSts:Not req,"CdcBokgChrgSts
Not req"
00:03:18.198864,22.295,CdcBokgChrgSts:Not req,"CdcBokgChrgSts
Not req"
00:03:18.299024,22.395,CdcBokgChrgSts:Not req,"CdcBokgChrgSts
Not req"
00:03:18.399014,22.495,CdcBokgChrgSts:Not req,"CdcBokgChrgSts
Not req"
00:03:18.499295,22.595,CdcBokgChrgSts:Not req,"CdcBokgChrgSts
Not req"
00:03:18.599654,22.696,CdcBokgChrgSts:Not req,"CdcBokgChrgSts
Not req"
00:03:18.698375,22.794,CdcBokgChrgSts:Not req,"CdcBokgChrgSts
Not req"
00:03:18.799012,22.895,CdcBokgChrgSts:Not req,"CdcBokgChrgSts
Not req"
00:03:18.898956,22.995,CdcBokgChrgSts:Not req,"CdcBokgChrgSts
Not req"
00:03:18.998992,23.095,CdcBokgChrgSts:Not req,"CdcBokgChrgSts
Not req"
00:03:19.098547,23.194,CdcBokgChrgSts:Not req,"CdcBokgChrgSts
Not req"
00:03:19.198957,23.295,CdcBokgChrgSts:Not req,"CdcBokgChrgSts
Not req"
00:03:19.299492,23.395,CdcBokgChrgSts:Not req,"CdcBokgChrgSts
Not req"
00:03:19.398788,23.495,CdcBokgChrgSts:Not req,"CdcBokgChrgSts
Not req"
00:03:19.499499,23.595,CdcBokgChrgSts:Not req,"CdcBokgChrgSts
Not req"
00:03:19.599820,23.696,CdcBokgChrgSts:Not req,"CdcBokgChrgSts
Not req"
00:03:19.699889,23.796,CdcBokgChrgSts:Not req,"CdcBokgChrgSts
Not req"
00:03:19.800552,23.896,CdcBokgChrgSts:Not req,"CdcBokgChrgSts
Not req"
00:03:19.900016,23.996,CdcBokgChrgSts:Not req,"CdcBokgChrgSts
Not req"
00:03:19.999832,24.096,CdcBokgChrgSts:Not req,"CdcBokgChrgSts
Not req"
00:03:20.100913,24.197,CdcBokgChrgSts:Not req,"CdcBokgChrgSts
Not req"
00:03:20.201293,24.297,CdcBokgChrgSts:Not req,"CdcBokgChrgSts
Not req"
00:03:20.302004,24.398,CdcBokgChrgSts:Not req,"CdcBokgChrgSts
Not req"
00:03:20.401634,24.497,CdcBokgChrgSts:Not req,"CdcBokgChrgSts
Not req"
00:03:20.501875,24.598,CdcBokgChrgSts:Not req,"CdcBokgChrgSts
Not req"
00:03:20.601986,24.698,CdcBokgChrgSts:Not req,"CdcBokgChrgSts
Not req"
00:03:20.702989,24.799,CdcBokgChrgSts:Not req,"CdcBokgChrgSts
Not req"
00:03:20.802246,24.898,CdcBokgChrgSts:Not req,"CdcBokgChrgSts
Not req"
00:03:20.904208,25.000,CdcBokgChrgSts:Not req,"CdcBokgChrgSts
Not req"
00:03:21.003846,25.100,CdcBokgChrgSts:Not req,"CdcBokgChrgSts
Not req"
00:03:21.103063,25.199,CdcBokgChrgSts:Not req,"CdcBokgChrgSts
Not req"
00:03:21.204152,25.300,CdcBokgChrgSts:Not req,"CdcBokgChrgSts
Not req"
00:03:21.303164,25.399,CdcBokgChrgSts:Not req,"CdcBokgChrgSts
Not req"
00:03:21.403835,25.500,CdcBokgChrgSts:Not req,"CdcBokgChrgSts
Not req"
00:03:21.503008,25.599,CdcBokgChrgSts:Not req,"CdcBokgChrgSts
Not req"
00:03:21.604144,25.700,CdcBokgChrgSts:Not req,"CdcBokgChrgSts
Not req"
00:03:21.704911,25.801,CdcBokgChrgSts:Not req,"CdcBokgChrgSts
Not req"
00:03:21.805537,25.901,CdcBokgChrgSts:Not req,"CdcBokgChrgSts
Not req"
00:03:21.905301,26.001,CdcBokgChrgSts:Not req,"CdcBokgChrgSts
Not req"
00:03:22.005196,26.101,CdcBokgChrgSts:Not req,"CdcBokgChrgSts
Not req"
00:03:22.105136,26.201,CdcBokgChrgSts:Not req,"CdcBokgChrgSts
Not req"
00:03:22.205788,26.302,CdcBokgChrgSts:Not req,"CdcBokgChrgSts
Not req"
00:03:22.305172,26.401,CdcBokgChrgSts:Not req,"CdcBokgChrgSts
Not req"
00:03:22.406818,26.503,CdcBokgChrgSts:Not req,"CdcBokgChrgSts
Not req"
00:03:22.505809,26.602,CdcBokgChrgSts:Not req,"CdcBokgChrgSts
Not req"
00:03:22.606174,26.702,CdcBokgChrgSts:Not req,"CdcBokgChrgSts
Not req"
00:03:22.705336,26.801,CdcBokgChrgSts:Not req,"CdcBokgChrgSts
Not req"
00:03:22.806636,26.902,CdcBokgChrgSts:Not req,"CdcBokgChrgSts
Not req"
00:03:22.906433,27.002,CdcBokgChrgSts:Not req,"CdcBokgChrgSts
Not req"
00:03:23.006213,27.102,CdcBokgChrgSts:Not req,"CdcBokgChrgSts
Not req"
00:03:23.107396,27.203,CdcBokgChrgSts:Not req,"CdcBokgChrgSts
Not req"
00:03:23.206940,27.303,CdcBokgChrgSts:Not req,"CdcBokgChrgSts
Not req"
00:03:23.307202,27.403,CdcBokgChrgSts:Not req,"CdcBokgChrgSts
Not req"
00:03:23.408103,27.504,CdcBokgChrgSts:Not req,"CdcBokgChrgSts
Not req"
00:03:23.508909,27.605,CdcBokgChrgSts:Not req,"CdcBokgChrgSts
Not req"
00:03:23.608155,27.704,CdcBokgChrgSts:Not req,"CdcBokgChrgSts
Not req"
00:03:23.707845,27.804,CdcBokgChrgSts:Not req,"CdcBokgChrgSts
Not req"
00:03:23.810389,27.906,CdcBokgChrgSts:Not req,"CdcBokgChrgSts
Not req"
00:03:23.909389,28.005,CdcBokgChrgSts:Not req,"CdcBokgChrgSts
Not req"
00:03:24.008393,28.104,CdcBokgChrgSts:Not req,"CdcBokgChrgSts
Not req"
00:03:24.108877,28.205,CdcBokgChrgSts:Not req,"CdcBokgChrgSts
Not req"
00:03:24.209458,28.305,CdcBokgChrgSts:Not req,"CdcBokgChrgSts
Not req"
00:03:24.309205,28.405,CdcBokgChrgSts:Not req,"CdcBokgChrgSts
Not req"
00:03:24.409784,28.506,CdcBokgChrgSts:Not req,"CdcBokgChrgSts
Not req"
00:03:24.509468,28.605,CdcBokgChrgSts:Not req,"CdcBokgChrgSts
Not req"
00:03:24.610212,28.706,CdcBokgChrgSts:Not req,"CdcBokgChrgSts
Not req"
00:03:24.710388,28.806,CdcBokgChrgSts:Not req,"CdcBokgChrgSts
Not req"
00:03:24.811323,28.907,CdcBokgChrgSts:Not req,"CdcBokgChrgSts
Not req"
00:03:24.910769,29.007,CdcBokgChrgSts:Not req,"CdcBokgChrgSts
Not req"
00:03:25.009879,29.106,CdcBokgChrgSts:Not req,"CdcBokgChrgSts
Not req"
00:03:25.110722,29.207,CdcBokgChrgSts:Not req,"CdcBokgChrgSts
Not req"
00:03:25.211004,29.307,CdcBokgChrgSts:Not req,"CdcBokgChrgSts
Not req"
00:03:25.311360,29.407,CdcBokgChrgSts:Not req,"CdcBokgChrgSts
Not req"
00:03:25.411707,29.508,CdcBokgChrgSts:Not req,"CdcBokgChrgSts
Not req"
00:03:25.511260,29.607,CdcBokgChrgSts:Not req,"CdcBokgChrgSts
Not req"
00:03:25.612367,29.708,CdcBokgChrgSts:Not req,"CdcBokgChrgSts
Not req"
00:03:25.712651,29.808,CdcBokgChrgSts:Not req,"CdcBokgChrgSts
Not req"
00:03:25.812610,29.908,CdcBokgChrgSts:Not req,"CdcBokgChrgSts
Not req"
00:03:25.912005,30.008,CdcBokgChrgSts:Not req,"CdcBokgChrgSts
Not req"
00:03:26.013889,30.110,CdcBokgChrgSts:Not req,"CdcBokgChrgSts
Not req"
00:03:26.112403,30.208,CdcBokgChrgSts:Not req,"CdcBokgChrgSts
Not req"
00:03:26.212543,30.308,CdcBokgChrgSts:Not req,"CdcBokgChrgSts
Not req"
00:03:26.313998,30.410,CdcBokgChrgSts:Not req,"CdcBokgChrgSts
Not req"
00:03:26.413303,30.509,CdcBokgChrgSts:Not req,"CdcBokgChrgSts
Not req"
00:03:26.513487,30.609,CdcBokgChrgSts:Not req,"CdcBokgChrgSts
Not req"
00:03:26.613817,30.710,CdcBokgChrgSts:Not req,"CdcBokgChrgSts
Not req"
00:03:26.713841,30.810,CdcBokgChrgSts:Not req,"CdcBokgChrgSts
Not req"
00:03:26.814729,30.911,CdcBokgChrgSts:Not req,"CdcBokgChrgSts
Not req"
00:03:26.914517,31.010,CdcBokgChrgSts:Not req,"CdcBokgChrgSts
Not req"
00:03:27.014211,31.110,CdcBokgChrgSts:Not req,"CdcBokgChrgSts
Not req"
00:03:27.115619,31.211,CdcBokgChrgSts:Not req,"CdcBokgChrgSts
Not req"
00:03:27.215741,31.312,CdcBokgChrgSts:Not req,"CdcBokgChrgSts
Not req"
00:03:27.316910,31.413,CdcBokgChrgSts:Not req,"CdcBokgChrgSts
Not req"
00:03:27.415817,31.512,CdcBokgChrgSts:Not req,"CdcBokgChrgSts
Not req"
00:03:27.516205,31.612,CdcBokgChrgSts:Not req,"CdcBokgChrgSts
Not req"
00:03:27.616109,31.712,CdcBokgChrgSts:Not req,"CdcBokgChrgSts
Not req"
00:03:27.716275,31.812,CdcBokgChrgSts:Not req,"CdcBokgChrgSts
Not req"
00:03:27.815470,31.911,CdcBokgChrgSts:Not req,"CdcBokgChrgSts
Not req"
00:03:27.914529,32.010,CdcBokgChrgSts:Not req,"CdcBokgChrgSts
Not req"
00:03:28.016341,32.112,CdcBokgChrgSts:Not req,"CdcBokgChrgSts
Not req"
00:03:28.116056,32.212,CdcBokgChrgSts:Not req,"CdcBokgChrgSts
Not req"
00:03:28.217636,32.313,CdcBokgChrgSts:Not req,"CdcBokgChrgSts
Not req"
00:03:28.316850,32.413,CdcBokgChrgSts:Not req,"CdcBokgChrgSts
Not req"
00:03:28.417815,32.514,CdcBokgChrgSts:Not req,"CdcBokgChrgSts
Not req"
00:03:28.518270,32.614,CdcBokgChrgSts:Not req,"CdcBokgChrgSts
Not req"
00:03:28.618099,32.714,CdcBokgChrgSts:Not req,"CdcBokgChrgSts
Not req"
00:03:28.719231,32.815,CdcBokgChrgSts:Not req,"CdcBokgChrgSts
Not req"
00:03:28.818666,32.915,CdcBokgChrgSts:Not req,"CdcBokgChrgSts
Not req"
00:03:28.918001,33.014,CdcBokgChrgSts:Not req,"CdcBokgChrgSts
Not req"
00:03:29.018740,33.115,CdcBokgChrgSts:Not req,"CdcBokgChrgSts
Not req"
00:03:29.119678,33.216,CdcBokgChrgSts:Not req,"CdcBokgChrgSts
Not req"
00:03:29.219533,33.315,CdcBokgChrgSts:Not req,"CdcBokgChrgSts
Not req"
00:03:29.319929,33.416,CdcBokgChrgSts:Not req,"CdcBokgChrgSts
Not req"
00:03:29.421118,33.517,CdcBokgChrgSts:Not req,"CdcBokgChrgSts
Not req"
00:03:29.520159,33.616,CdcBokgChrgSts:Not req,"CdcBokgChrgSts
Not req"
00:03:29.620454,33.716,CdcBokgChrgSts:Not req,"CdcBokgChrgSts
Not req"
00:03:29.719902,33.816,CdcBokgChrgSts:Not req,"CdcBokgChrgSts
Not req"
00:03:29.819749,33.916,CdcBokgChrgSts:Not req,"CdcBokgChrgSts
Not req"
00:03:29.920114,34.016,CdcBokgChrgSts:Not req,"CdcBokgChrgSts
Not req"
00:03:30.021136,34.117,CdcBokgChrgSts:Not req,"CdcBokgChrgSts
Not req"
00:03:30.120797,34.217,CdcBokgChrgSts:Not req,"CdcBokgChrgSts
Not req"
00:03:30.221302,34.317,CdcBokgChrgSts:Not req,"CdcBokgChrgSts
Not req"
00:03:30.322194,34.418,CdcBokgChrgSts:Not req,"CdcBokgChrgSts
Not req"
00:03:30.422657,34.519,CdcBokgChrgSts:Not req,"CdcBokgChrgSts
Not req"
00:03:30.523074,34.619,CdcBokgChrgSts:Not req,"CdcBokgChrgSts
Not req"
00:03:30.622504,34.718,CdcBokgChrgSts:Not req,"CdcBokgChrgSts
Not req"
00:03:30.722133,34.818,CdcBokgChrgSts:Not req,"CdcBokgChrgSts
Not req"
00:03:30.822742,34.919,CdcBokgChrgSts:Not req,"CdcBokgChrgSts
Not req"
00:03:30.922607,35.018,CdcBokgChrgSts:Not req,"CdcBokgChrgSts
Not req"
00:03:31.023375,35.119,CdcBokgChrgSts:Not req,"CdcBokgChrgSts
Not req"
00:03:31.123876,35.220,CdcBokgChrgSts:Not req,"CdcBokgChrgSts
Not req"
00:03:31.222985,35.319,CdcBokgChrgSts:Not req,"CdcBokgChrgSts
Not req"
00:03:31.322237,35.418,CdcBokgChrgSts:Not req,"CdcBokgChrgSts
Not req"
00:03:31.422419,35.518,CdcBokgChrgSts:Not req,"CdcBokgChrgSts
Not req"
00:03:31.523245,35.619,CdcBokgChrgSts:Not req,"CdcBokgChrgSts
Not req"
00:03:31.623941,35.720,CdcBokgChrgSts:Not req,"CdcBokgChrgSts
Not req"
00:03:31.724693,35.821,CdcBokgChrgSts:Not req,"CdcBokgChrgSts
Not req"
00:03:31.824413,35.920,CdcBokgChrgSts:Not req,"CdcBokgChrgSts
Not req"
00:03:31.924281,36.020,CdcBokgChrgSts:Not req,"CdcBokgChrgSts
Not req"
00:03:32.024756,36.121,CdcBokgChrgSts:Not req,"CdcBokgChrgSts
Not req"
00:03:32.125781,36.222,CdcBokgChrgSts:Not req,"CdcBokgChrgSts
Not req"
00:03:32.222938,36.319,CdcBokgChrgSts:Not req,"CdcBokgChrgSts
Not req"
00:03:32.323769,36.420,CdcBokgChrgSts:Not req,"CdcBokgChrgSts
Not req"
00:03:32.426307,36.522,CdcBokgChrgSts:Not req,"CdcBokgChrgSts
Not req"
00:03:32.525428,36.621,CdcBokgChrgSts:Not req,"CdcBokgChrgSts
Not req"
00:03:32.624925,36.721,CdcBokgChrgSts:Not req,"CdcBokgChrgSts
Not req"
00:03:32.726032,36.822,CdcBokgChrgSts:Not req,"CdcBokgChrgSts
Not req"
00:03:32.826249,36.922,CdcBokgChrgSts:Not req,"CdcBokgChrgSts
Not req"
00:03:32.926496,37.022,CdcBokgChrgSts:Not req,"CdcBokgChrgSts
Not req"
00:03:33.026597,37.122,CdcBokgChrgSts:Not req,"CdcBokgChrgSts
Not req"
00:03:33.126769,37.223,CdcBokgChrgSts:Not req,"CdcBokgChrgSts
Not req"
00:03:33.226893,37.323,CdcBokgChrgSts:Not req,"CdcBokgChrgSts
Not req"
00:03:33.326816,37.423,CdcBokgChrgSts:Not req,"CdcBokgChrgSts
Not req"
00:03:33.427064,37.523,CdcBokgChrgSts:Not req,"CdcBokgChrgSts
Not req"
00:03:33.527680,37.624,CdcBokgChrgSts:Not req,"CdcBokgChrgSts
Not req"
00:03:33.627065,37.723,CdcBokgChrgSts:Not req,"CdcBokgChrgSts
Not req"
00:03:33.729561,37.825,CdcBokgChrgSts:Not req,"CdcBokgChrgSts
Not req"
00:03:33.830407,37.926,CdcBokgChrgSts:Not req,"CdcBokgChrgSts
Not req"
00:03:33.928630,38.024,CdcBokgChrgSts:Not req,"CdcBokgChrgSts
Not req"
00:03:34.028826,38.125,CdcBokgChrgSts:Not req,"CdcBokgChrgSts
Not req"
00:03:34.128745,38.225,CdcBokgChrgSts:Not req,"CdcBokgChrgSts
Not req"
00:03:34.230186,38.326,CdcBokgChrgSts:Not req,"CdcBokgChrgSts
Not req"
00:03:34.329234,38.425,CdcBokgChrgSts:Not req,"CdcBokgChrgSts
Not req"
00:03:34.430365,38.526,CdcBokgChrgSts:Not req,"CdcBokgChrgSts
Not req"
00:03:34.529482,38.625,CdcBokgChrgSts:Not req,"CdcBokgChrgSts
Not req"
00:03:34.630529,38.726,CdcBokgChrgSts:Not req,"CdcBokgChrgSts
Not req"
00:03:34.730218,38.826,CdcBokgChrgSts:Not req,"CdcBokgChrgSts
Not req"
00:03:34.832181,38.928,CdcBokgChrgSts:Not req,"CdcBokgChrgSts
Not req"
00:03:34.929333,39.025,CdcBokgChrgSts:Not req,"CdcBokgChrgSts
Not req"
00:03:35.030967,39.127,CdcBokgChrgSts:Not req,"CdcBokgChrgSts
Not req"
00:03:35.130470,39.226,CdcBokgChrgSts:Not req,"CdcBokgChrgSts
Not req"
00:03:35.229755,39.326,CdcBokgChrgSts:Not req,"CdcBokgChrgSts
Not req"
00:03:35.330760,39.427,CdcBokgChrgSts:Not req,"CdcBokgChrgSts
Not req"
00:03:35.431276,39.527,CdcBokgChrgSts:Not req,"CdcBokgChrgSts
Not req"
00:03:35.531801,39.628,CdcBokgChrgSts:Not req,"CdcBokgChrgSts
Not req"
00:03:35.632777,39.729,CdcBokgChrgSts:Not req,"CdcBokgChrgSts
Not req"
00:03:35.731862,39.828,CdcBokgChrgSts:Not req,"CdcBokgChrgSts
Not req"
00:03:35.831888,39.928,CdcBokgChrgSts:Not req,"CdcBokgChrgSts
Not req"
00:03:35.933146,40.029,CdcBokgChrgSts:Not req,"CdcBokgChrgSts
Not req"
00:03:36.033553,40.129,CdcBokgChrgSts:Not req,"CdcBokgChrgSts
Not req"
00:03:36.134258,40.230,CdcBokgChrgSts:Not req,"CdcBokgChrgSts
Not req"
00:03:36.232564,40.328,CdcBokgChrgSts:Not req,"CdcBokgChrgSts
Not req"
00:03:36.333650,40.429,CdcBokgChrgSts:Not req,"CdcBokgChrgSts
Not req"
00:03:36.433354,40.529,CdcBokgChrgSts:Not req,"CdcBokgChrgSts
Not req"
00:03:36.533851,40.630,CdcBokgChrgSts:Not req,"CdcBokgChrgSts
Not req"
00:03:36.633761,40.730,CdcBokgChrgSts:Not req,"CdcBokgChrgSts
Not req"
00:03:36.733907,40.830,CdcBokgChrgSts:Not req,"CdcBokgChrgSts
Not req"
00:03:36.833470,40.929,CdcBokgChrgSts:Not req,"CdcBokgChrgSts
Not req"
00:03:36.934407,41.030,CdcBokgChrgSts:Not req,"CdcBokgChrgSts
Not req"
00:03:37.034122,41.130,CdcBokgChrgSts:Not req,"CdcBokgChrgSts
Not req"
00:03:37.134848,41.231,CdcBokgChrgSts:Not req,"CdcBokgChrgSts
Not req"
00:03:37.234679,41.331,CdcBokgChrgSts:Not req,"CdcBokgChrgSts
Not req"
00:03:37.335399,41.431,CdcBokgChrgSts:Not req,"CdcBokgChrgSts
Not req"
00:03:37.436285,41.532,CdcBokgChrgSts:Not req,"CdcBokgChrgSts
Not req"
00:03:37.536255,41.632,CdcBokgChrgSts:Not req,"CdcBokgChrgSts
Not req"
00:03:37.635617,41.731,CdcBokgChrgSts:Not req,"CdcBokgChrgSts
Not req"
00:03:37.735541,41.831,CdcBokgChrgSts:Not req,"CdcBokgChrgSts
Not req"
00:03:37.837190,41.933,CdcBokgChrgSts:Not req,"CdcBokgChrgSts
Not req"
00:03:37.936666,42.033,CdcBokgChrgSts:Not req,"CdcBokgChrgSts
Not req"
00:03:38.037635,42.133,CdcBokgChrgSts:Not req,"CdcBokgChrgSts
Not req"
00:03:38.137316,42.233,CdcBokgChrgSts:Not req,"CdcBokgChrgSts
Not req"
00:03:38.237918,42.334,CdcBokgChrgSts:Not req,"CdcBokgChrgSts
Not req"
00:03:38.336698,42.433,CdcBokgChrgSts:Not req,"CdcBokgChrgSts
Not req"
00:03:38.437556,42.533,CdcBokgChrgSts:Not req,"CdcBokgChrgSts
Not req"
00:03:38.538198,42.634,CdcBokgChrgSts:Not req,"CdcBokgChrgSts
Not req"
00:03:38.637310,42.733,CdcBokgChrgSts:Not req,"CdcBokgChrgSts
Not req"
00:03:38.738780,42.835,CdcBokgChrgSts:Not req,"CdcBokgChrgSts
Not req"
00:03:38.839206,42.935,CdcBokgChrgSts:Not req,"CdcBokgChrgSts
Not req"
00:03:38.937880,43.034,CdcBokgChrgSts:Not req,"CdcBokgChrgSts
Not req"
00:03:39.038681,43.135,CdcBokgChrgSts:Not req,"CdcBokgChrgSts
Not req"
00:03:39.139050,43.235,CdcBokgChrgSts:Not req,"CdcBokgChrgSts
Not req"
00:03:39.238605,43.334,CdcBokgChrgSts:Not req,"CdcBokgChrgSts
Not req"
00:03:39.338601,43.434,CdcBokgChrgSts:Not req,"CdcBokgChrgSts
Not req"
00:03:39.439639,43.535,CdcBokgChrgSts:Not req,"CdcBokgChrgSts
Not req"
00:03:39.539182,43.635,CdcBokgChrgSts:Not req,"CdcBokgChrgSts
Not req"
00:03:39.639182,43.735,CdcBokgChrgSts:Not req,"CdcBokgChrgSts
Not req"
00:03:39.739165,43.835,CdcBokgChrgSts:Not req,"CdcBokgChrgSts
Not req"
00:03:39.839810,43.936,CdcBokgChrgSts:Not req,"CdcBokgChrgSts
Not req"
00:03:39.940182,44.036,CdcBokgChrgSts:Not req,"CdcBokgChrgSts
Not req"
00:03:40.040105,44.136,CdcBokgChrgSts:Not req,"CdcBokgChrgSts
Not req"
00:03:40.140081,44.236,CdcBokgChrgSts:Not req,"CdcBokgChrgSts
Not req"
00:03:40.240589,44.336,CdcBokgChrgSts:Not req,"CdcBokgChrgSts
Not req"
00:03:40.340838,44.437,CdcBokgChrgSts:Not req,"CdcBokgChrgSts
Not req"
00:03:40.439228,44.535,CdcBokgChrgSts:Not req,"CdcBokgChrgSts
Not req"
00:03:40.541158,44.637,CdcBokgChrgSts:Not req,"CdcBokgChrgSts
Not req"
00:03:40.641626,44.737,CdcBokgChrgSts:Not req,"CdcBokgChrgSts
Not req"
00:03:40.741788,44.838,CdcBokgChrgSts:Not req,"CdcBokgChrgSts
Not req"
00:03:40.843695,44.940,CdcBokgChrgSts:Not req,"CdcBokgChrgSts
Not req"
00:03:40.943001,45.039,CdcBokgChrgSts:Not req,"CdcBokgChrgSts
Not req"
00:03:41.043072,45.139,CdcBokgChrgSts:Not req,"CdcBokgChrgSts
Not req"
00:03:41.143396,45.239,CdcBokgChrgSts:Not req,"CdcBokgChrgSts
Not req"
00:03:41.242515,45.338,CdcBokgChrgSts:Not req,"CdcBokgChrgSts
Not req"
00:03:41.342946,45.439,CdcBokgChrgSts:Not req,"CdcBokgChrgSts
Not req"
00:03:41.443826,45.540,CdcBokgChrgSts:Not req,"CdcBokgChrgSts
Not req"
00:03:41.544825,45.641,CdcBokgChrgSts:Not req,"CdcBokgChrgSts
Not req"
00:03:41.645305,45.741,CdcBokgChrgSts:Not req,"CdcBokgChrgSts
Not req"
00:03:41.743646,45.839,CdcBokgChrgSts:Not req,"CdcBokgChrgSts
Not req"
00:03:41.843875,45.940,CdcBokgChrgSts:Not req,"CdcBokgChrgSts
Not req"
00:03:41.944093,46.040,CdcBokgChrgSts:Not req,"CdcBokgChrgSts
Not req"
00:03:42.044363,46.140,CdcBokgChrgSts:Not req,"CdcBokgChrgSts
Not req"
00:03:42.144957,46.241,CdcBokgChrgSts:Not req,"CdcBokgChrgSts
Not req"
00:03:42.244936,46.341,CdcBokgChrgSts:Not req,"CdcBokgChrgSts
Not req"
00:03:42.344854,46.441,CdcBokgChrgSts:Not req,"CdcBokgChrgSts
Not req"
00:03:42.445931,46.542,CdcBokgChrgSts:Not req,"CdcBokgChrgSts
Not req"
00:03:42.544936,46.641,CdcBokgChrgSts:Not req,"CdcBokgChrgSts
Not req"
00:03:42.645854,46.742,CdcBokgChrgSts:Not req,"CdcBokgChrgSts
Not req"
00:03:42.746568,46.842,CdcBokgChrgSts:Not req,"CdcBokgChrgSts
Not req"
00:03:42.846717,46.943,CdcBokgChrgSts:Not req,"CdcBokgChrgSts
Not req"
00:03:42.947738,47.044,CdcBokgChrgSts:Not req,"CdcBokgChrgSts
Not req"
00:03:43.048148,47.144,CdcBokgChrgSts:Not req,"CdcBokgChrgSts
Not req"
00:03:43.147223,47.243,CdcBokgChrgSts:Not req,"CdcBokgChrgSts
Not req"
00:03:43.246187,47.342,CdcBokgChrgSts:Not req,"CdcBokgChrgSts
Not req"
00:03:43.346861,47.443,CdcBokgChrgSts:Not req,"CdcBokgChrgSts
Not req"
00:03:43.446553,47.542,CdcBokgChrgSts:Not req,"CdcBokgChrgSts
Not req"
00:03:43.548363,47.644,CdcBokgChrgSts:Not req,"CdcBokgChrgSts
Not req"
00:03:43.648208,47.744,CdcBokgChrgSts:Not req,"CdcBokgChrgSts
Not req"
00:03:43.747619,47.843,CdcBokgChrgSts:Not req,"CdcBokgChrgSts
Not req"
00:03:43.848695,47.945,CdcBokgChrgSts:Not req,"CdcBokgChrgSts
Not req"
00:03:43.949341,48.045,CdcBokgChrgSts:Not req,"CdcBokgChrgSts
Not req"
00:03:44.048116,48.144,CdcBokgChrgSts:Not req,"CdcBokgChrgSts
Not req"
00:03:44.149233,48.245,CdcBokgChrgSts:Not req,"CdcBokgChrgSts
Not req"
00:03:44.249096,48.345,CdcBokgChrgSts:Not req,"CdcBokgChrgSts
Not req"
00:03:44.348473,48.444,CdcBokgChrgSts:Not req,"CdcBokgChrgSts
Not req"
00:03:44.449363,48.545,CdcBokgChrgSts:Not req,"CdcBokgChrgSts
Not req"
00:03:44.549569,48.645,CdcBokgChrgSts:Not req,"CdcBokgChrgSts
Not req"
00:03:44.650136,48.746,CdcBokgChrgSts:Not req,"CdcBokgChrgSts
Not req"
00:03:44.751582,48.847,CdcBokgChrgSts:Not req,"CdcBokgChrgSts
Not req"
00:03:44.850398,48.946,CdcBokgChrgSts:Not req,"CdcBokgChrgSts
Not req"
00:03:44.949943,49.046,CdcBokgChrgSts:Not req,"CdcBokgChrgSts
Not req"
00:03:45.049906,49.146,CdcBokgChrgSts:Not req,"CdcBokgChrgSts
Not req"
00:03:45.150533,49.246,CdcBokgChrgSts:Not req,"CdcBokgChrgSts
Not req"
00:03:45.251047,49.347,CdcBokgChrgSts:Not req,"CdcBokgChrgSts
Not req"
00:03:45.351115,49.447,CdcBokgChrgSts:Not req,"CdcBokgChrgSts
Not req"
00:03:45.449119,49.545,CdcBokgChrgSts:Not req,"CdcBokgChrgSts
Not req"
00:03:45.551416,49.647,CdcBokgChrgSts:Not req,"CdcBokgChrgSts
Not req"
00:03:45.651331,49.747,CdcBokgChrgSts:Not req,"CdcBokgChrgSts
Not req"
00:03:45.751565,49.847,CdcBokgChrgSts:Not req,"CdcBokgChrgSts
Not req"
00:03:45.851281,49.947,CdcBokgChrgSts:Not req,"CdcBokgChrgSts
Not req"
00:03:45.952555,50.048,CdcBokgChrgSts:Not req,"CdcBokgChrgSts
Not req"
00:03:46.052778,50.149,CdcBokgChrgSts:Not req,"CdcBokgChrgSts
Not req"
00:03:46.152764,50.249,CdcBokgChrgSts:Not req,"CdcBokgChrgSts
Not req"
00:03:46.253528,50.349,CdcBokgChrgSts:Not req,"CdcBokgChrgSts
Not req"
00:03:46.352365,50.448,CdcBokgChrgSts:Not req,"CdcBokgChrgSts
Not req"
00:03:46.453185,50.549,CdcBokgChrgSts:Not req,"CdcBokgChrgSts
Not req"
00:03:46.553885,50.650,CdcBokgChrgSts:Not req,"CdcBokgChrgSts
Not req"
00:03:46.654056,50.750,CdcBokgChrgSts:Not req,"CdcBokgChrgSts
Not req"
00:03:46.754921,50.851,CdcBokgChrgSts:Not req,"CdcBokgChrgSts
Not req"
00:03:46.854858,50.951,CdcBokgChrgSts:Not req,"CdcBokgChrgSts
Not req"
00:03:46.954720,51.051,CdcBokgChrgSts:Not req,"CdcBokgChrgSts
Not req"
00:03:47.055026,51.151,CdcBokgChrgSts:Not req,"CdcBokgChrgSts
Not req"
00:03:47.154468,51.250,CdcBokgChrgSts:Not req,"CdcBokgChrgSts
Not req"
00:03:47.255026,51.351,CdcBokgChrgSts:Not req,"CdcBokgChrgSts
Not req"
00:03:47.355743,51.452,CdcBokgChrgSts:Not req,"CdcBokgChrgSts
Not req"
00:03:47.454824,51.551,CdcBokgChrgSts:Not req,"CdcBokgChrgSts
Not req"
00:03:47.554769,51.651,CdcBokgChrgSts:Not req,"CdcBokgChrgSts
Not req"
00:03:47.654913,51.751,CdcBokgChrgSts:Not req,"CdcBokgChrgSts
Not req"
00:03:47.755389,51.851,CdcBokgChrgSts:Not req,"CdcBokgChrgSts
Not req"
00:03:47.856185,51.952,CdcBokgChrgSts:Not req,"CdcBokgChrgSts
Not req"
00:03:47.955708,52.052,CdcBokgChrgSts:Not req,"CdcBokgChrgSts
Not req"
00:03:48.054988,52.151,CdcBokgChrgSts:Not req,"CdcBokgChrgSts
Not req"
00:03:48.157421,52.253,CdcBokgChrgSts:Not req,"CdcBokgChrgSts
Not req"
00:03:48.257807,52.354,CdcBokgChrgSts:Not req,"CdcBokgChrgSts
Not req"
00:03:48.356324,52.452,CdcBokgChrgSts:Not req,"CdcBokgChrgSts
Not req"
00:03:48.458064,52.554,CdcBokgChrgSts:Not req,"CdcBokgChrgSts
Not req"
00:03:48.558001,52.654,CdcBokgChrgSts:Not req,"CdcBokgChrgSts
Not req"
00:03:48.657402,52.753,CdcBokgChrgSts:Not req,"CdcBokgChrgSts
Not req"
00:03:48.758432,52.854,CdcBokgChrgSts:Not req,"CdcBokgChrgSts
Not req"
00:03:48.858412,52.954,CdcBokgChrgSts:Not req,"CdcBokgChrgSts
Not req"
00:03:48.957574,53.053,CdcBokgChrgSts:Not req,"CdcBokgChrgSts
Not req"
00:03:49.058824,53.155,CdcBokgChrgSts:Not req,"CdcBokgChrgSts
Not req"
00:03:49.159426,53.255,CdcBokgChrgSts:Not req,"CdcBokgChrgSts
Not req"
00:03:49.259287,53.355,CdcBokgChrgSts:Not req,"CdcBokgChrgSts
Not req"
00:03:49.359456,53.455,CdcBokgChrgSts:Not req,"CdcBokgChrgSts
Not req"
00:03:49.457927,53.554,CdcBokgChrgSts:Not req,"CdcBokgChrgSts
Not req"
00:03:49.558797,53.655,CdcBokgChrgSts:Not req,"CdcBokgChrgSts
Not req"
00:03:49.660800,53.757,CdcBokgChrgSts:Not req,"CdcBokgChrgSts
Not req"
00:03:49.760458,53.856,CdcBokgChrgSts:Not req,"CdcBokgChrgSts
Not req"
00:03:49.859830,53.956,CdcBokgChrgSts:Not req,"CdcBokgChrgSts
Not req"
00:03:49.961917,54.058,CdcBokgChrgSts:Not req,"CdcBokgChrgSts
Not req"
00:03:50.060379,54.156,CdcBokgChrgSts:Not req,"CdcBokgChrgSts
Not req"
00:03:50.161681,54.258,CdcBokgChrgSts:Not req,"CdcBokgChrgSts
Not req"
00:03:50.262186,54.358,CdcBokgChrgSts:Not req,"CdcBokgChrgSts
Not req"
00:03:50.362949,54.459,CdcBokgChrgSts:Not req,"CdcBokgChrgSts
Not req"
00:03:50.461921,54.558,CdcBokgChrgSts:Not req,"CdcBokgChrgSts
Not req"
00:03:50.561160,54.657,CdcBokgChrgSts:Not req,"CdcBokgChrgSts
Not req"
00:03:50.662309,54.758,CdcBokgChrgSts:Not req,"CdcBokgChrgSts
Not req"
00:03:50.761838,54.858,CdcBokgChrgSts:Not req,"CdcBokgChrgSts
Not req"
00:03:50.863102,54.959,CdcBokgChrgSts:Not req,"CdcBokgChrgSts
Not req"
00:03:50.962240,55.058,CdcBokgChrgSts:Not req,"CdcBokgChrgSts
Not req"
00:03:51.062658,55.159,CdcBokgChrgSts:Not req,"CdcBokgChrgSts
Not req"
00:03:51.162558,55.258,CdcBokgChrgSts:Not req,"CdcBokgChrgSts
Not req"
00:03:51.263052,55.359,CdcBokgChrgSts:Not req,"CdcBokgChrgSts
Not req"
00:03:51.363295,55.459,CdcBokgChrgSts:Not req,"CdcBokgChrgSts
Not req"
00:03:51.463133,55.559,CdcBokgChrgSts:Not req,"CdcBokgChrgSts
Not req"
00:03:51.562909,55.659,CdcBokgChrgSts:Not req,"CdcBokgChrgSts
Not req"
00:03:51.664249,55.760,CdcBokgChrgSts:Not req,"CdcBokgChrgSts
Not req"
00:03:51.764013,55.860,CdcBokgChrgSts:Not req,"CdcBokgChrgSts
Not req"
00:03:51.863400,55.959,CdcBokgChrgSts:Not req,"CdcBokgChrgSts
Not req"
00:03:51.963316,56.059,CdcBokgChrgSts:Not req,"CdcBokgChrgSts
Not req"
00:03:52.065400,56.161,CdcBokgChrgSts:Not req,"CdcBokgChrgSts
Not req"
00:03:52.164578,56.260,CdcBokgChrgSts:Not req,"CdcBokgChrgSts
Not req"
00:03:52.265849,56.362,CdcBokgChrgSts:Not req,"CdcBokgChrgSts
Not req"
00:03:52.365202,56.461,CdcBokgChrgSts:Not req,"CdcBokgChrgSts
Not req"
00:03:52.465585,56.561,CdcBokgChrgSts:Not req,"CdcBokgChrgSts
Not req"
00:03:52.566358,56.662,CdcBokgChrgSts:Not req,"CdcBokgChrgSts
Not req"
00:03:52.667737,56.764,CdcBokgChrgSts:Not req,"CdcBokgChrgSts
Not req"
00:03:52.766646,56.862,CdcBokgChrgSts:Not req,"CdcBokgChrgSts
Not req"
00:03:52.865701,56.962,CdcBokgChrgSts:Not req,"CdcBokgChrgSts
Not req"
00:03:52.966092,57.062,CdcBokgChrgSts:Not req,"CdcBokgChrgSts
Not req"
00:03:53.066029,57.162,CdcBokgChrgSts:Not req,"CdcBokgChrgSts
Not req"
00:03:53.166139,57.262,CdcBokgChrgSts:Not req,"CdcBokgChrgSts
Not req"
00:03:53.266674,57.363,CdcBokgChrgSts:Not req,"CdcBokgChrgSts
Not req"
00:03:53.367164,57.463,CdcBokgChrgSts:Not req,"CdcBokgChrgSts
Not req"
00:03:53.466566,57.562,CdcBokgChrgSts:Not req,"CdcBokgChrgSts
Not req"
00:03:53.567347,57.663,CdcBokgChrgSts:Not req,"CdcBokgChrgSts
Not req"
00:03:53.666700,57.763,CdcBokgChrgSts:Not req,"CdcBokgChrgSts
Not req"
00:03:53.767936,57.864,CdcBokgChrgSts:Not req,"CdcBokgChrgSts
Not req"
00:03:53.869297,57.965,CdcBokgChrgSts:Not req,"CdcBokgChrgSts
Not req"
00:03:53.968783,58.065,CdcBokgChrgSts:Not req,"CdcBokgChrgSts
Not req"
00:03:54.068529,58.164,CdcBokgChrgSts:Not req,"CdcBokgChrgSts
Not req"
00:03:54.169109,58.265,CdcBokgChrgSts:Not req,"CdcBokgChrgSts
Not req"
00:03:54.269456,58.365,CdcBokgChrgSts:Not req,"CdcBokgChrgSts
Not req"
00:03:54.369818,58.466,CdcBokgChrgSts:Not req,"CdcBokgChrgSts
Not req"
00:03:54.469781,58.566,CdcBokgChrgSts:Not req,"CdcBokgChrgSts
Not req"
00:03:54.569595,58.665,CdcBokgChrgSts:Not req,"CdcBokgChrgSts
Not req"
00:03:54.669895,58.766,CdcBokgChrgSts:Not req,"CdcBokgChrgSts
Not req"
00:03:54.770136,58.866,CdcBokgChrgSts:Not req,"CdcBokgChrgSts
Not req"
00:03:54.869661,58.966,CdcBokgChrgSts:Not req,"CdcBokgChrgSts
Not req"
00:03:54.970115,59.066,CdcBokgChrgSts:Not req,"CdcBokgChrgSts
Not req"
00:03:55.070359,59.166,CdcBokgChrgSts:Not req,"CdcBokgChrgSts
Not req"
00:03:55.170191,59.266,CdcBokgChrgSts:Not req,"CdcBokgChrgSts
Not req"
00:03:55.270398,59.366,CdcBokgChrgSts:Not req,"CdcBokgChrgSts
Not req"
00:03:55.371128,59.467,CdcBokgChrgSts:Not req,"CdcBokgChrgSts
Not req"
00:03:55.471037,59.567,CdcBokgChrgSts:Not req,"CdcBokgChrgSts
Not req"
00:03:55.571150,59.667,CdcBokgChrgSts:Not req,"CdcBokgChrgSts
Not req"
00:03:55.671971,59.768,CdcBokgChrgSts:Not req,"CdcBokgChrgSts
Not req"
00:03:55.771953,59.868,CdcBokgChrgSts:Not req,"CdcBokgChrgSts
Not req"
00:03:55.872464,59.968,CdcBokgChrgSts:Not req,"CdcBokgChrgSts
Not req"
00:03:55.971810,60.068,CdcBokgChrgSts:Not req,"CdcBokgChrgSts
Not req"
00:03:56.072243,60.168,CdcBokgChrgSts:Not req,"CdcBokgChrgSts
Not req"
00:03:56.173111,60.269,CdcBokgChrgSts:Not req,"CdcBokgChrgSts
Not req"
00:03:56.273413,60.369,CdcBokgChrgSts:Not req,"CdcBokgChrgSts
Not req"
00:03:56.373007,60.469,CdcBokgChrgSts:Not req,"CdcBokgChrgSts
Not req"
00:03:56.473444,60.569,CdcBokgChrgSts:Not req,"CdcBokgChrgSts
Not req"
00:03:56.573818,60.670,CdcBokgChrgSts:Not req,"CdcBokgChrgSts
Not req"
00:03:56.674615,60.770,CdcBokgChrgSts:Not req,"CdcBokgChrgSts
Not req"
00:03:56.773369,60.869,CdcBokgChrgSts:Not req,"CdcBokgChrgSts
Not req"
00:03:56.873827,60.970,CdcBokgChrgSts:Not req,"CdcBokgChrgSts
Not req"
00:03:56.974934,61.071,CdcBokgChrgSts:Not req,"CdcBokgChrgSts
Not req"
00:03:57.075158,61.171,CdcBokgChrgSts:Not req,"CdcBokgChrgSts
Not req"
00:03:57.175419,61.271,CdcBokgChrgSts:Not req,"CdcBokgChrgSts
Not req"
00:03:57.274416,61.370,CdcBokgChrgSts:Not req,"CdcBokgChrgSts
Not req"
00:03:57.375685,61.472,CdcBokgChrgSts:Not req,"CdcBokgChrgSts
Not req"
00:03:57.475345,61.571,CdcBokgChrgSts:Not req,"CdcBokgChrgSts
Not req"
00:03:57.575336,61.671,CdcBokgChrgSts:Not req,"CdcBokgChrgSts
Not req"
00:03:57.677110,61.773,CdcBokgChrgSts:Not req,"CdcBokgChrgSts
Not req"
00:03:57.775047,61.871,CdcBokgChrgSts:Not req,"CdcBokgChrgSts
Not req"
00:03:57.875586,61.971,CdcBokgChrgSts:Not req,"CdcBokgChrgSts
Not req"
00:03:57.976378,62.072,CdcBokgChrgSts:Not req,"CdcBokgChrgSts
Not req"
00:03:58.076259,62.172,CdcBokgChrgSts:Not req,"CdcBokgChrgSts
Not req"
00:03:58.176866,62.273,CdcBokgChrgSts:Not req,"CdcBokgChrgSts
Not req"
00:03:58.277030,62.373,CdcBokgChrgSts:Not req,"CdcBokgChrgSts
Not req"
00:03:58.376789,62.473,CdcBokgChrgSts:Not req,"CdcBokgChrgSts
Not req"
00:03:58.477138,62.573,CdcBokgChrgSts:Not req,"CdcBokgChrgSts
Not req"
00:03:58.578140,62.674,CdcBokgChrgSts:Not req,"CdcBokgChrgSts
Not req"
00:03:58.678669,62.775,CdcBokgChrgSts:Not req,"CdcBokgChrgSts
Not req"
00:03:58.776459,62.872,CdcBokgChrgSts:Not req,"CdcBokgChrgSts
Not req"
00:03:58.878372,62.974,CdcBokgChrgSts:Not req,"CdcBokgChrgSts
Not req"
00:03:58.978667,63.075,CdcBokgChrgSts:Not req,"CdcBokgChrgSts
Not req"
00:03:59.078208,63.174,CdcBokgChrgSts:Not req,"CdcBokgChrgSts
Not req"
00:03:59.178804,63.275,CdcBokgChrgSts:Not req,"CdcBokgChrgSts
Not req"
00:03:59.281035,63.377,CdcBokgChrgSts:Not req,"CdcBokgChrgSts
Not req"
00:03:59.379888,63.476,CdcBokgChrgSts:Not req,"CdcBokgChrgSts
Not req"
00:03:59.479960,63.576,CdcBokgChrgSts:Not req,"CdcBokgChrgSts
Not req"
00:03:59.579146,63.675,CdcBokgChrgSts:Not req,"CdcBokgChrgSts
Not req"
00:03:59.679934,63.776,CdcBokgChrgSts:Not req,"CdcBokgChrgSts
Not req"
00:03:59.779351,63.875,CdcBokgChrgSts:Not req,"CdcBokgChrgSts
Not req"
00:03:59.879949,63.976,CdcBokgChrgSts:Not req,"CdcBokgChrgSts
Not req"
00:03:59.981604,64.077,CdcBokgChrgSts:Not req,"CdcBokgChrgSts
Not req"
00:04:00.080592,64.176,CdcBokgChrgSts:Not req,"CdcBokgChrgSts
Not req"
00:04:00.180727,64.277,CdcBokgChrgSts:Not req,"CdcBokgChrgSts
Not req"
00:04:00.280716,64.377,CdcBokgChrgSts:Not req,"CdcBokgChrgSts
Not req"
00:04:00.380719,64.477,CdcBokgChrgSts:Not req,"CdcBokgChrgSts
Not req"
00:04:00.480911,64.577,CdcBokgChrgSts:Not req,"CdcBokgChrgSts
Not req"
00:04:00.579674,64.676,CdcBokgChrgSts:Not req,"CdcBokgChrgSts
Not req"
00:04:00.681247,64.777,CdcBokgChrgSts:Not req,"CdcBokgChrgSts
Not req"
00:04:00.781824,64.878,CdcBokgChrgSts:Not req,"CdcBokgChrgSts
Not req"
00:04:00.881805,64.978,CdcBokgChrgSts:Not req,"CdcBokgChrgSts
Not req"
00:04:00.982033,65.078,CdcBokgChrgSts:Not req,"CdcBokgChrgSts
Not req"
00:04:01.082803,65.179,CdcBokgChrgSts:Not req,"CdcBokgChrgSts
Not req"
00:04:01.181854,65.278,CdcBokgChrgSts:Not req,"CdcBokgChrgSts
Not req"
00:04:01.283351,65.379,CdcBokgChrgSts:Not req,"CdcBokgChrgSts
Not req"
00:04:01.384473,65.480,CdcBokgChrgSts:Not req,"CdcBokgChrgSts
Not req"
00:04:01.482197,65.578,CdcBokgChrgSts:Not req,"CdcBokgChrgSts
Not req"
00:04:01.583719,65.680,CdcBokgChrgSts:Not req,"CdcBokgChrgSts
Not req"
00:04:01.683832,65.780,CdcBokgChrgSts:Not req,"CdcBokgChrgSts
Not req"
00:04:01.784941,65.881,CdcBokgChrgSts:Not req,"CdcBokgChrgSts
Not req"
00:04:01.885158,65.981,CdcBokgChrgSts:Not req,"CdcBokgChrgSts
Not req"
00:04:01.984162,66.080,CdcBokgChrgSts:Not req,"CdcBokgChrgSts
Not req"
00:04:02.084880,66.181,CdcBokgChrgSts:Not req,"CdcBokgChrgSts
Not req"
00:04:02.186299,66.282,CdcBokgChrgSts:Not req,"CdcBokgChrgSts
Not req"
00:04:02.283808,66.380,CdcBokgChrgSts:Not req,"CdcBokgChrgSts
Not req"
00:04:02.384399,66.480,CdcBokgChrgSts:Not req,"CdcBokgChrgSts
Not req"
00:04:02.484940,66.581,CdcBokgChrgSts:Not req,"CdcBokgChrgSts
Not req"
00:04:02.585269,66.681,CdcBokgChrgSts:Not req,"CdcBokgChrgSts
Not req"
00:04:02.684849,66.781,CdcBokgChrgSts:Not req,"CdcBokgChrgSts
Not req"
00:04:02.785969,66.882,CdcBokgChrgSts:Not req,"CdcBokgChrgSts
Not req"
00:04:02.886142,66.982,CdcBokgChrgSts:Not req,"CdcBokgChrgSts
Not req"
00:04:02.986365,67.082,CdcBokgChrgSts:Not req,"CdcBokgChrgSts
Not req"
00:04:03.086616,67.182,CdcBokgChrgSts:Not req,"CdcBokgChrgSts
Not req"
00:04:03.186080,67.282,CdcBokgChrgSts:Not req,"CdcBokgChrgSts
Not req"
00:04:03.285947,67.382,CdcBokgChrgSts:Not req,"CdcBokgChrgSts
Not req"
00:04:03.387176,67.483,CdcBokgChrgSts:Not req,"CdcBokgChrgSts
Not req"
00:04:03.487747,67.584,CdcBokgChrgSts:Not req,"CdcBokgChrgSts
Not req"
00:04:03.588087,67.684,CdcBokgChrgSts:Not req,"CdcBokgChrgSts
Not req"
00:04:03.686945,67.783,CdcBokgChrgSts:Not req,"CdcBokgChrgSts
Not req"
00:04:03.787879,67.884,CdcBokgChrgSts:Not req,"CdcBokgChrgSts
Not req"
00:04:03.887912,67.984,CdcBokgChrgSts:Not req,"CdcBokgChrgSts
Not req"
00:04:03.990164,68.086,CdcBokgChrgSts:Not req,"CdcBokgChrgSts
Not req"
00:04:04.088289,68.184,CdcBokgChrgSts:Not req,"CdcBokgChrgSts
Not req"
00:04:04.188608,68.284,CdcBokgChrgSts:Not req,"CdcBokgChrgSts
Not req"
00:04:04.289118,68.385,CdcBokgChrgSts:Not req,"CdcBokgChrgSts
Not req"
00:04:04.389264,68.485,CdcBokgChrgSts:Not req,"CdcBokgChrgSts
Not req"
00:04:04.488916,68.585,CdcBokgChrgSts:Not req,"CdcBokgChrgSts
Not req"
00:04:04.589746,68.686,CdcBokgChrgSts:Not req,"CdcBokgChrgSts
Not req"
00:04:04.690299,68.786,CdcBokgChrgSts:Not req,"CdcBokgChrgSts
Not req"
00:04:04.789689,68.886,CdcBokgChrgSts:Not req,"CdcBokgChrgSts
Not req"
00:04:04.890496,68.986,CdcBokgChrgSts:Not req,"CdcBokgChrgSts
Not req"
00:04:04.990637,69.086,CdcBokgChrgSts:Not req,"CdcBokgChrgSts
Not req"
00:04:05.090526,69.186,CdcBokgChrgSts:Not req,"CdcBokgChrgSts
Not req"
00:04:05.190545,69.286,CdcBokgChrgSts:Not req,"CdcBokgChrgSts
Not req"
00:04:05.290784,69.387,CdcBokgChrgSts:Not req,"CdcBokgChrgSts
Not req"
00:04:05.390381,69.486,CdcBokgChrgSts:Not req,"CdcBokgChrgSts
Not req"
00:04:05.490980,69.587,CdcBokgChrgSts:Not req,"CdcBokgChrgSts
Not req"
00:04:05.592017,69.688,CdcBokgChrgSts:Not req,"CdcBokgChrgSts
Not req"
00:04:05.691140,69.787,CdcBokgChrgSts:Not req,"CdcBokgChrgSts
Not req"
00:04:05.791971,69.888,CdcBokgChrgSts:Not req,"CdcBokgChrgSts
Not req"
00:04:05.892410,69.988,CdcBokgChrgSts:Not req,"CdcBokgChrgSts
Not req"
00:04:05.991750,70.088,CdcBokgChrgSts:Not req,"CdcBokgChrgSts
Not req"
00:04:06.093126,70.189,CdcBokgChrgSts:Not req,"CdcBokgChrgSts
Not req"
00:04:06.192456,70.288,CdcBokgChrgSts:Not req,"CdcBokgChrgSts
Not req"
00:04:06.292355,70.388,CdcBokgChrgSts:Not req,"CdcBokgChrgSts
Not req"
00:04:06.392864,70.489,CdcBokgChrgSts:Not req,"CdcBokgChrgSts
Not req"
00:04:06.492876,70.589,CdcBokgChrgSts:Not req,"CdcBokgChrgSts
Not req"
00:04:06.593198,70.689,CdcBokgChrgSts:Not req,"CdcBokgChrgSts
Not req"
00:04:06.693641,70.789,CdcBokgChrgSts:Not req,"CdcBokgChrgSts
Not req"
00:04:06.793498,70.889,CdcBokgChrgSts:Not req,"CdcBokgChrgSts
Not req"
00:04:06.894634,70.990,CdcBokgChrgSts:Not req,"CdcBokgChrgSts
Not req"
00:04:06.994591,71.090,CdcBokgChrgSts:Not req,"CdcBokgChrgSts
Not req"
00:04:07.094657,71.191,CdcBokgChrgSts:Not req,"CdcBokgChrgSts
Not req"
00:04:07.193792,71.290,CdcBokgChrgSts:Not req,"CdcBokgChrgSts
Not req"
00:04:07.294649,71.390,CdcBokgChrgSts:Not req,"CdcBokgChrgSts
Not req"
00:04:07.395681,71.492,CdcBokgChrgSts:Not req,"CdcBokgChrgSts
Not req"
00:04:07.494373,71.590,CdcBokgChrgSts:Not req,"CdcBokgChrgSts
Not req"
00:04:07.595443,71.691,CdcBokgChrgSts:Not req,"CdcBokgChrgSts
Not req"
00:04:07.696357,71.792,CdcBokgChrgSts:Not req,"CdcBokgChrgSts
Not req"
00:04:07.795912,71.892,CdcBokgChrgSts:Not req,"CdcBokgChrgSts
Not req"
00:04:07.895374,71.991,CdcBokgChrgSts:Not req,"CdcBokgChrgSts
Not req"
00:04:07.996479,72.092,CdcBokgChrgSts:Not req,"CdcBokgChrgSts
Not req"
00:04:08.095852,72.192,CdcBokgChrgSts:Not req,"CdcBokgChrgSts
Not req"
00:04:08.196427,72.292,CdcBokgChrgSts:Not req,"CdcBokgChrgSts
Not req"
00:04:08.297240,72.393,CdcBokgChrgSts:Not req,"CdcBokgChrgSts
Not req"
00:04:08.397146,72.493,CdcBokgChrgSts:Not req,"CdcBokgChrgSts
Not req"
00:04:08.496963,72.593,CdcBokgChrgSts:Not req,"CdcBokgChrgSts
Not req"
00:04:08.597449,72.693,CdcBokgChrgSts:Not req,"CdcBokgChrgSts
Not req"
00:04:08.697690,72.794,CdcBokgChrgSts:Not req,"CdcBokgChrgSts
Not req"
00:04:08.798423,72.894,CdcBokgChrgSts:Not req,"CdcBokgChrgSts
Not req"
00:04:08.897779,72.994,CdcBokgChrgSts:Not req,"CdcBokgChrgSts
Not req"
00:04:08.998871,73.095,CdcBokgChrgSts:Not req,"CdcBokgChrgSts
Not req"
00:04:09.098902,73.195,CdcBokgChrgSts:Not req,"CdcBokgChrgSts
Not req"
00:04:09.198440,73.294,CdcBokgChrgSts:Not req,"CdcBokgChrgSts
Not req"
00:04:09.298747,73.395,CdcBokgChrgSts:Not req,"CdcBokgChrgSts
Not req"
00:04:09.398200,73.494,CdcBokgChrgSts:Not req,"CdcBokgChrgSts
Not req"
00:04:09.499982,73.596,CdcBokgChrgSts:Not req,"CdcBokgChrgSts
Not req"
00:04:09.598593,73.694,CdcBokgChrgSts:Not req,"CdcBokgChrgSts
Not req"
00:04:09.699201,73.795,CdcBokgChrgSts:Not req,"CdcBokgChrgSts
Not req"
00:04:09.799495,73.895,CdcBokgChrgSts:Not req,"CdcBokgChrgSts
Not req"
00:04:09.899771,73.996,CdcBokgChrgSts:Not req,"CdcBokgChrgSts
Not req"
00:04:09.999990,74.096,CdcBokgChrgSts:Not req,"CdcBokgChrgSts
Not req"
00:04:10.101037,74.197,CdcBokgChrgSts:Not req,"CdcBokgChrgSts
Not req"
00:04:10.200315,74.296,CdcBokgChrgSts:Not req,"CdcBokgChrgSts
Not req"
00:04:10.300606,74.396,CdcBokgChrgSts:Not req,"CdcBokgChrgSts
Not req"
00:04:10.402135,74.498,CdcBokgChrgSts:Not req,"CdcBokgChrgSts
Not req"
00:04:10.502023,74.598,CdcBokgChrgSts:Not req,"CdcBokgChrgSts
Not req"
00:04:10.600886,74.697,CdcBokgChrgSts:Not req,"CdcBokgChrgSts
Not req"
00:04:10.702341,74.798,CdcBokgChrgSts:Not req,"CdcBokgChrgSts
Not req"
00:04:10.802874,74.899,CdcBokgChrgSts:Not req,"CdcBokgChrgSts
Not req"
00:04:10.902092,74.998,CdcBokgChrgSts:Not req,"CdcBokgChrgSts
Not req"
00:04:11.003543,75.099,CdcBokgChrgSts:Not req,"CdcBokgChrgSts
Not req"
00:04:11.103289,75.199,CdcBokgChrgSts:Not req,"CdcBokgChrgSts
Not req"
00:04:11.203951,75.300,CdcBokgChrgSts:Not req,"CdcBokgChrgSts
Not req"
00:04:11.302941,75.399,CdcBokgChrgSts:Not req,"CdcBokgChrgSts
Not req"
00:04:11.402525,75.498,CdcBokgChrgSts:Not req,"CdcBokgChrgSts
Not req"
00:04:11.502574,75.598,CdcBokgChrgSts:Not req,"CdcBokgChrgSts
Not req"
00:04:11.602676,75.699,CdcBokgChrgSts:Not req,"CdcBokgChrgSts
Not req"
00:04:11.704464,75.800,CdcBokgChrgSts:Not req,"CdcBokgChrgSts
Not req"
00:04:11.804038,75.900,CdcBokgChrgSts:Not req,"CdcBokgChrgSts
Not req"
00:04:11.904655,76.001,CdcBokgChrgSts:Not req,"CdcBokgChrgSts
Not req"
00:04:12.004102,76.100,CdcBokgChrgSts:Not req,"CdcBokgChrgSts
Not req"
00:04:12.104078,76.200,CdcBokgChrgSts:Not req,"CdcBokgChrgSts
Not req"
00:04:12.204781,76.301,CdcBokgChrgSts:Not req,"CdcBokgChrgSts
Not req"
00:04:12.303893,76.400,CdcBokgChrgSts:Not req,"CdcBokgChrgSts
Not req"
00:04:12.405563,76.501,CdcBokgChrgSts:Not req,"CdcBokgChrgSts
Not req"
00:04:12.504781,76.601,CdcBokgChrgSts:Not req,"CdcBokgChrgSts
Not req"
00:04:12.605593,76.701,CdcBokgChrgSts:Not req,"CdcBokgChrgSts
Not req"
00:04:12.704957,76.801,CdcBokgChrgSts:Not req,"CdcBokgChrgSts
Not req"
00:04:12.806060,76.902,CdcBokgChrgSts:Not req,"CdcBokgChrgSts
Not req"
00:04:12.905479,77.001,CdcBokgChrgSts:Not req,"CdcBokgChrgSts
Not req"
00:04:13.006959,77.103,CdcBokgChrgSts:Not req,"CdcBokgChrgSts
Not req"
00:04:13.105522,77.201,CdcBokgChrgSts:Not req,"CdcBokgChrgSts
Not req"
00:04:13.206679,77.303,CdcBokgChrgSts:Not req,"CdcBokgChrgSts
Not req"
00:04:13.306559,77.402,CdcBokgChrgSts:Not req,"CdcBokgChrgSts
Not req"
00:04:13.406432,77.502,CdcBokgChrgSts:Not req,"CdcBokgChrgSts
Not req"
00:04:13.506697,77.603,CdcBokgChrgSts:Not req,"CdcBokgChrgSts
Not req"
00:04:13.606731,77.703,CdcBokgChrgSts:Not req,"CdcBokgChrgSts
Not req"
00:04:13.707578,77.803,CdcBokgChrgSts:Not req,"CdcBokgChrgSts
Not req"
00:04:13.806814,77.903,CdcBokgChrgSts:Not req,"CdcBokgChrgSts
Not req"
00:04:13.908388,78.004,CdcBokgChrgSts:Not req,"CdcBokgChrgSts
Not req"
00:04:14.007973,78.104,CdcBokgChrgSts:Not req,"CdcBokgChrgSts
Not req"
00:04:14.108305,78.204,CdcBokgChrgSts:Not req,"CdcBokgChrgSts
Not req"
00:04:14.208563,78.304,CdcBokgChrgSts:Not req,"CdcBokgChrgSts
Not req"
00:04:14.309194,78.405,CdcBokgChrgSts:Not req,"CdcBokgChrgSts
Not req"
00:04:14.407207,78.503,CdcBokgChrgSts:Not req,"CdcBokgChrgSts
Not req"
00:04:14.509165,78.605,CdcBokgChrgSts:Not req,"CdcBokgChrgSts
Not req"
00:04:14.608553,78.704,CdcBokgChrgSts:Not req,"CdcBokgChrgSts
Not req"
00:04:14.709086,78.805,CdcBokgChrgSts:Not req,"CdcBokgChrgSts
Not req"
00:04:14.809483,78.905,CdcBokgChrgSts:Not req,"CdcBokgChrgSts
Not req"
00:04:14.909249,79.005,CdcBokgChrgSts:Not req,"CdcBokgChrgSts
Not req"
00:04:15.011349,79.107,CdcBokgChrgSts:Not req,"CdcBokgChrgSts
Not req"
00:04:15.110859,79.207,CdcBokgChrgSts:Not req,"CdcBokgChrgSts
Not req"
00:04:15.210217,79.306,CdcBokgChrgSts:Not req,"CdcBokgChrgSts
Not req"
00:04:15.311329,79.407,CdcBokgChrgSts:Not req,"CdcBokgChrgSts
Not req"
00:04:15.410076,79.506,CdcBokgChrgSts:Not req,"CdcBokgChrgSts
Not req"
00:04:15.510750,79.607,CdcBokgChrgSts:Not req,"CdcBokgChrgSts
Not req"
00:04:15.611189,79.707,CdcBokgChrgSts:Not req,"CdcBokgChrgSts
Not req"
00:04:15.711176,79.807,CdcBokgChrgSts:Not req,"CdcBokgChrgSts
Not req"
00:04:15.811448,79.907,CdcBokgChrgSts:Not req,"CdcBokgChrgSts
Not req"
00:04:15.910917,80.007,CdcBokgChrgSts:Not req,"CdcBokgChrgSts
Not req"
00:04:16.012383,80.108,CdcBokgChrgSts:Not req,"CdcBokgChrgSts
Not req"
00:04:16.112753,80.209,CdcBokgChrgSts:Not req,"CdcBokgChrgSts
Not req"
00:04:16.212002,80.308,CdcBokgChrgSts:Not req,"CdcBokgChrgSts
Not req"
00:04:16.313142,80.409,CdcBokgChrgSts:Not req,"CdcBokgChrgSts
Not req"
00:04:16.413263,80.509,CdcBokgChrgSts:Not req,"CdcBokgChrgSts
Not req"
00:04:16.512230,80.608,CdcBokgChrgSts:Not req,"CdcBokgChrgSts
Not req"
00:04:16.613415,80.709,CdcBokgChrgSts:Not req,"CdcBokgChrgSts
Not req"
00:04:16.714005,80.810,CdcBokgChrgSts:Not req,"CdcBokgChrgSts
Not req"
00:04:16.812826,80.909,CdcBokgChrgSts:Not req,"CdcBokgChrgSts
Not req"
00:04:16.913564,81.009,CdcBokgChrgSts:Not req,"CdcBokgChrgSts
Not req"
00:04:17.013663,81.110,CdcBokgChrgSts:Not req,"CdcBokgChrgSts
Not req"
00:04:17.114321,81.210,CdcBokgChrgSts:Not req,"CdcBokgChrgSts
Not req"
00:04:17.214711,81.311,CdcBokgChrgSts:Not req,"CdcBokgChrgSts
Not req"
00:04:17.314657,81.411,CdcBokgChrgSts:Not req,"CdcBokgChrgSts
Not req"
00:04:17.414673,81.511,CdcBokgChrgSts:Not req,"CdcBokgChrgSts
Not req"
00:04:17.515500,81.611,CdcBokgChrgSts:Not req,"CdcBokgChrgSts
Not req"
00:04:17.615933,81.712,CdcBokgChrgSts:Not req,"CdcBokgChrgSts
Not req"
00:04:17.716540,81.812,CdcBokgChrgSts:Not req,"CdcBokgChrgSts
Not req"
00:04:17.815279,81.911,CdcBokgChrgSts:Not req,"CdcBokgChrgSts
Not req"
00:04:17.915559,82.011,CdcBokgChrgSts:Not req,"CdcBokgChrgSts
Not req"
00:04:18.017295,82.113,CdcBokgChrgSts:Not req,"CdcBokgChrgSts
Not req"
00:04:18.117935,82.214,CdcBokgChrgSts:Not req,"CdcBokgChrgSts
Not req"
00:04:18.217934,82.314,CdcBokgChrgSts:Not req,"CdcBokgChrgSts
Not req"
00:04:18.316199,82.412,CdcBokgChrgSts:Not req,"CdcBokgChrgSts
Not req"
00:04:18.417223,82.513,CdcBokgChrgSts:Not req,"CdcBokgChrgSts
Not req"
00:04:18.517167,82.613,CdcBokgChrgSts:Not req,"CdcBokgChrgSts
Not req"
00:04:18.616810,82.713,CdcBokgChrgSts:Not req,"CdcBokgChrgSts
Not req"
00:04:18.717669,82.814,CdcBokgChrgSts:Not req,"CdcBokgChrgSts
Not req"
00:04:18.817882,82.914,CdcBokgChrgSts:Not req,"CdcBokgChrgSts
Not req"
00:04:18.918538,83.014,CdcBokgChrgSts:Not req,"CdcBokgChrgSts
Not req"
00:04:19.018801,83.115,CdcBokgChrgSts:Not req,"CdcBokgChrgSts
Not req"
00:04:19.120063,83.216,CdcBokgChrgSts:Not req,"CdcBokgChrgSts
Not req"
00:04:19.219905,83.316,CdcBokgChrgSts:Not req,"CdcBokgChrgSts
Not req"
00:04:19.317817,83.414,CdcBokgChrgSts:Not req,"CdcBokgChrgSts
Not req"
00:04:19.418358,83.514,CdcBokgChrgSts:Not req,"CdcBokgChrgSts
Not req"
00:04:19.519842,83.616,CdcBokgChrgSts:Not req,"CdcBokgChrgSts
Not req"
00:04:19.620212,83.716,CdcBokgChrgSts:Not req,"CdcBokgChrgSts
Not req"
00:04:19.719387,83.815,CdcBokgChrgSts:Not req,"CdcBokgChrgSts
Not req"
00:04:19.818904,83.915,CdcBokgChrgSts:Not req,"CdcBokgChrgSts
Not req"
00:04:19.919981,84.016,CdcBokgChrgSts:Not req,"CdcBokgChrgSts
Not req"
00:04:20.019153,84.115,CdcBokgChrgSts:Not req,"CdcBokgChrgSts
Not req"
00:04:20.119675,84.216,CdcBokgChrgSts:Not req,"CdcBokgChrgSts
Not req"
00:04:20.219918,84.316,CdcBokgChrgSts:Not req,"CdcBokgChrgSts
Not req"
00:04:20.321056,84.417,CdcBokgChrgSts:Not req,"CdcBokgChrgSts
Not req"
00:04:20.421010,84.517,CdcBokgChrgSts:Not req,"CdcBokgChrgSts
Not req"
00:04:20.520967,84.617,CdcBokgChrgSts:Not req,"CdcBokgChrgSts
Not req"
00:04:20.620779,84.717,CdcBokgChrgSts:Not req,"CdcBokgChrgSts
Not req"
00:04:20.721258,84.817,CdcBokgChrgSts:Not req,"CdcBokgChrgSts
Not req"
00:04:20.821956,84.918,CdcBokgChrgSts:Not req,"CdcBokgChrgSts
Not req"
00:04:20.921820,85.018,CdcBokgChrgSts:Not req,"CdcBokgChrgSts
Not req"
00:04:21.022387,85.118,CdcBokgChrgSts:Not req,"CdcBokgChrgSts
Not req"
00:04:21.121374,85.217,CdcBokgChrgSts:Not req,"CdcBokgChrgSts
Not req"
00:04:21.222328,85.318,CdcBokgChrgSts:Not req,"CdcBokgChrgSts
Not req"
00:04:21.321818,85.418,CdcBokgChrgSts:Not req,"CdcBokgChrgSts
Not req"
00:04:21.423428,85.519,CdcBokgChrgSts:Not req,"CdcBokgChrgSts
Not req"
00:04:21.522218,85.618,CdcBokgChrgSts:Not req,"CdcBokgChrgSts
Not req"
00:04:21.623020,85.719,CdcBokgChrgSts:Not req,"CdcBokgChrgSts
Not req"
00:04:21.724023,85.820,CdcBokgChrgSts:Not req,"CdcBokgChrgSts
Not req"
00:04:21.823663,85.920,CdcBokgChrgSts:Not req,"CdcBokgChrgSts
Not req"
00:04:21.923576,86.019,CdcBokgChrgSts:Not req,"CdcBokgChrgSts
Not req"
00:04:22.024566,86.120,CdcBokgChrgSts:Not req,"CdcBokgChrgSts
Not req"
00:04:22.123864,86.220,CdcBokgChrgSts:Not req,"CdcBokgChrgSts
Not req"
00:04:22.224582,86.320,CdcBokgChrgSts:Not req,"CdcBokgChrgSts
Not req"
00:04:22.324799,86.421,CdcBokgChrgSts:Not req,"CdcBokgChrgSts
Not req"
00:04:22.424023,86.520,CdcBokgChrgSts:Not req,"CdcBokgChrgSts
Not req"
00:04:22.524951,86.621,CdcBokgChrgSts:Not req,"CdcBokgChrgSts
Not req"
00:04:22.625157,86.721,CdcBokgChrgSts:Not req,"CdcBokgChrgSts
Not req"
00:04:22.725996,86.822,CdcBokgChrgSts:Not req,"CdcBokgChrgSts
Not req"
00:04:22.825604,86.921,CdcBokgChrgSts:Not req,"CdcBokgChrgSts
Not req"
00:04:22.926000,87.022,CdcBokgChrgSts:Not req,"CdcBokgChrgSts
Not req"
00:04:23.025785,87.122,CdcBokgChrgSts:Not req,"CdcBokgChrgSts
Not req"
00:04:23.127239,87.223,CdcBokgChrgSts:Not req,"CdcBokgChrgSts
Not req"
00:04:23.226485,87.322,CdcBokgChrgSts:Not req,"CdcBokgChrgSts
Not req"
00:04:23.327169,87.423,CdcBokgChrgSts:Not req,"CdcBokgChrgSts
Not req"
00:04:23.427345,87.523,CdcBokgChrgSts:Not req,"CdcBokgChrgSts
Not req"
00:04:23.527579,87.623,CdcBokgChrgSts:Not req,"CdcBokgChrgSts
Not req"
00:04:23.627001,87.723,CdcBokgChrgSts:Not req,"CdcBokgChrgSts
Not req"
00:04:23.726701,87.823,CdcBokgChrgSts:Not req,"CdcBokgChrgSts
Not req"
00:04:23.826979,87.923,CdcBokgChrgSts:Not req,"CdcBokgChrgSts
Not req"
00:04:23.927721,88.024,CdcBokgChrgSts:Not req,"CdcBokgChrgSts
Not req"
00:04:24.027745,88.124,CdcBokgChrgSts:Not req,"CdcBokgChrgSts
Not req"
00:04:24.128103,88.224,CdcBokgChrgSts:Not req,"CdcBokgChrgSts
Not req"
00:04:24.229258,88.325,CdcBokgChrgSts:Not req,"CdcBokgChrgSts
Not req"
00:04:24.328451,88.424,CdcBokgChrgSts:Not req,"CdcBokgChrgSts
Not req"
00:04:24.428478,88.524,CdcBokgChrgSts:Not req,"CdcBokgChrgSts
Not req"
00:04:24.529394,88.625,CdcBokgChrgSts:Not req,"CdcBokgChrgSts
Not req"
00:04:24.628903,88.725,CdcBokgChrgSts:Not req,"CdcBokgChrgSts
Not req"
00:04:24.730164,88.826,CdcBokgChrgSts:Not req,"CdcBokgChrgSts
Not req"
00:04:24.829696,88.926,CdcBokgChrgSts:Not req,"CdcBokgChrgSts
Not req"
00:04:24.928978,89.025,CdcBokgChrgSts:Not req,"CdcBokgChrgSts
Not req"
00:04:25.029898,89.126,CdcBokgChrgSts:Not req,"CdcBokgChrgSts
Not req"
00:04:25.130175,89.226,CdcBokgChrgSts:Not req,"CdcBokgChrgSts
Not req"
00:04:25.230627,89.326,CdcBokgChrgSts:Not req,"CdcBokgChrgSts
Not req"
00:04:25.330502,89.426,CdcBokgChrgSts:Not req,"CdcBokgChrgSts
Not req"
00:04:25.429235,89.525,CdcBokgChrgSts:Not req,"CdcBokgChrgSts
Not req"
00:04:25.530909,89.627,CdcBokgChrgSts:Not req,"CdcBokgChrgSts
Not req"
00:04:25.630784,89.727,CdcBokgChrgSts:Not req,"CdcBokgChrgSts
Not req"
00:04:25.732388,89.828,CdcBokgChrgSts:Not req,"CdcBokgChrgSts
Not req"
00:04:25.831606,89.927,CdcBokgChrgSts:Not req,"CdcBokgChrgSts
Not req"
00:04:25.932865,90.029,CdcBokgChrgSts:Not req,"CdcBokgChrgSts
Not req"
00:04:26.032362,90.128,CdcBokgChrgSts:Not req,"CdcBokgChrgSts
Not req"
00:04:26.132146,90.228,CdcBokgChrgSts:Not req,"CdcBokgChrgSts
Not req"
00:04:26.232624,90.328,CdcBokgChrgSts:Not req,"CdcBokgChrgSts
Not req"
00:04:26.332165,90.428,CdcBokgChrgSts:Not req,"CdcBokgChrgSts
Not req"
00:04:26.432291,90.528,CdcBokgChrgSts:Not req,"CdcBokgChrgSts
Not req"
00:04:26.532477,90.628,CdcBokgChrgSts:Not req,"CdcBokgChrgSts
Not req"
00:04:26.633226,90.729,CdcBokgChrgSts:Not req,"CdcBokgChrgSts
Not req"
00:04:26.735151,90.831,CdcBokgChrgSts:Not req,"CdcBokgChrgSts
Not req"
00:04:26.835260,90.931,CdcBokgChrgSts:Not req,"CdcBokgChrgSts
Not req"
00:04:26.931342,91.027,CdcBokgChrgSts:Not req,"CdcBokgChrgSts
Not req"
00:04:27.034862,91.131,CdcBokgChrgSts:Not req,"CdcBokgChrgSts
Not req"
00:04:27.134301,91.230,CdcBokgChrgSts:Not req,"CdcBokgChrgSts
Not req"
00:04:27.233785,91.330,CdcBokgChrgSts:Not req,"CdcBokgChrgSts
Not req"
00:04:27.334742,91.431,CdcBokgChrgSts:Not req,"CdcBokgChrgSts
Not req"
00:04:27.435189,91.531,CdcBokgChrgSts:Not req,"CdcBokgChrgSts
Not req"
00:04:27.534413,91.630,CdcBokgChrgSts:Not req,"CdcBokgChrgSts
Not req"
00:04:27.635436,91.731,CdcBokgChrgSts:Not req,"CdcBokgChrgSts
Not req"
00:04:27.735539,91.831,CdcBokgChrgSts:Not req,"CdcBokgChrgSts
Not req"
00:04:27.836302,91.932,CdcBokgChrgSts:Not req,"CdcBokgChrgSts
Not req"
00:04:27.934721,92.031,CdcBokgChrgSts:Not req,"CdcBokgChrgSts
Not req"
00:04:28.035629,92.131,CdcBokgChrgSts:Not req,"CdcBokgChrgSts
Not req"
00:04:28.136501,92.232,CdcBokgChrgSts:Not req,"CdcBokgChrgSts
Not req"
00:04:28.236835,92.333,CdcBokgChrgSts:Not req,"CdcBokgChrgSts
Not req"
00:04:28.336380,92.432,CdcBokgChrgSts:Not req,"CdcBokgChrgSts
Not req"
00:04:28.436212,92.532,CdcBokgChrgSts:Not req,"CdcBokgChrgSts
Not req"
00:04:28.538340,92.634,CdcBokgChrgSts:Not req,"CdcBokgChrgSts
Not req"
00:04:28.637112,92.733,CdcBokgChrgSts:Not req,"CdcBokgChrgSts
Not req"
00:04:28.737379,92.833,CdcBokgChrgSts:Not req,"CdcBokgChrgSts
Not req"
00:04:28.837118,92.933,CdcBokgChrgSts:Not req,"CdcBokgChrgSts
Not req"
00:04:28.937461,93.033,CdcBokgChrgSts:Not req,"CdcBokgChrgSts
Not req"
00:04:29.039272,93.135,CdcBokgChrgSts:Not req,"CdcBokgChrgSts
Not req"
00:04:29.137713,93.234,CdcBokgChrgSts:Not req,"CdcBokgChrgSts
Not req"
00:04:29.238970,93.335,CdcBokgChrgSts:Not req,"CdcBokgChrgSts
Not req"
00:04:29.338994,93.435,CdcBokgChrgSts:Not req,"CdcBokgChrgSts
Not req"
00:04:29.439773,93.536,CdcBokgChrgSts:Not req,"CdcBokgChrgSts
Not req"
00:04:29.538555,93.634,CdcBokgChrgSts:Not req,"CdcBokgChrgSts
Not req"
00:04:29.639264,93.735,CdcBokgChrgSts:Not req,"CdcBokgChrgSts
Not req"
00:04:29.739205,93.835,CdcBokgChrgSts:Not req,"CdcBokgChrgSts
Not req"
00:04:29.839795,93.936,CdcBokgChrgSts:Not req,"CdcBokgChrgSts
Not req"
00:04:29.941204,94.037,CdcBokgChrgSts:Not req,"CdcBokgChrgSts
Not req"
00:04:30.039934,94.136,CdcBokgChrgSts:Not req,"CdcBokgChrgSts
Not req"
00:04:30.140727,94.237,CdcBokgChrgSts:Not req,"CdcBokgChrgSts
Not req"
00:04:30.240218,94.336,CdcBokgChrgSts:Not req,"CdcBokgChrgSts
Not req"
00:04:30.341091,94.437,CdcBokgChrgSts:Not req,"CdcBokgChrgSts
Not req"
00:04:30.438518,94.534,CdcBokgChrgSts:Not req,"CdcBokgChrgSts
Not req"
00:04:30.541072,94.637,CdcBokgChrgSts:Not req,"CdcBokgChrgSts
Not req"
00:04:30.641241,94.737,CdcBokgChrgSts:Not req,"CdcBokgChrgSts
Not req"
00:04:30.741990,94.838,CdcBokgChrgSts:Not req,"CdcBokgChrgSts
Not req"
00:04:30.841320,94.937,CdcBokgChrgSts:Not req,"CdcBokgChrgSts
Not req"
00:04:30.941218,95.037,CdcBokgChrgSts:Not req,"CdcBokgChrgSts
Not req"
00:04:31.042065,95.138,CdcBokgChrgSts:Not req,"CdcBokgChrgSts
Not req"
00:04:31.141409,95.237,CdcBokgChrgSts:Not req,"CdcBokgChrgSts
Not req"
00:04:31.242160,95.338,CdcBokgChrgSts:Not req,"CdcBokgChrgSts
Not req"
00:04:31.342213,95.438,CdcBokgChrgSts:Not req,"CdcBokgChrgSts
Not req"
00:04:31.443840,95.540,CdcBokgChrgSts:Not req,"CdcBokgChrgSts
Not req"
00:04:31.542875,95.639,CdcBokgChrgSts:Not req,"CdcBokgChrgSts
Not req"
00:04:31.643968,95.740,CdcBokgChrgSts:Not req,"CdcBokgChrgSts
Not req"
00:04:31.743050,95.839,CdcBokgChrgSts:Not req,"CdcBokgChrgSts
Not req"
00:04:31.843682,95.940,CdcBokgChrgSts:Not req,"CdcBokgChrgSts
Not req"
00:04:31.943711,96.040,CdcBokgChrgSts:Not req,"CdcBokgChrgSts
Not req"
00:04:32.043574,96.139,CdcBokgChrgSts:Not req,"CdcBokgChrgSts
Not req"
00:04:32.143390,96.239,CdcBokgChrgSts:Not req,"CdcBokgChrgSts
Not req"
00:04:32.244744,96.341,CdcBokgChrgSts:Not req,"CdcBokgChrgSts
Not req"
00:04:32.344459,96.440,CdcBokgChrgSts:Not req,"CdcBokgChrgSts
Not req"
00:04:32.443886,96.540,CdcBokgChrgSts:Not req,"CdcBokgChrgSts
Not req"
00:04:32.544576,96.640,CdcBokgChrgSts:Not req,"CdcBokgChrgSts
Not req"
00:04:32.645764,96.742,CdcBokgChrgSts:Not req,"CdcBokgChrgSts
Not req"
00:04:32.746095,96.842,CdcBokgChrgSts:Not req,"CdcBokgChrgSts
Not req"
00:04:32.845310,96.941,CdcBokgChrgSts:Not req,"CdcBokgChrgSts
Not req"
00:04:32.945216,97.041,CdcBokgChrgSts:Not req,"CdcBokgChrgSts
Not req"
00:04:33.045678,97.142,CdcBokgChrgSts:Not req,"CdcBokgChrgSts
Not req"
00:04:33.145734,97.242,CdcBokgChrgSts:Not req,"CdcBokgChrgSts
Not req"
00:04:33.247538,97.343,CdcBokgChrgSts:Not req,"CdcBokgChrgSts
Not req"
00:04:33.348034,97.444,CdcBokgChrgSts:Not req,"CdcBokgChrgSts
Not req"
00:04:33.447219,97.543,CdcBokgChrgSts:Not req,"CdcBokgChrgSts
Not req"
00:04:33.546725,97.643,CdcBokgChrgSts:Not req,"CdcBokgChrgSts
Not req"
00:04:33.646117,97.742,CdcBokgChrgSts:Not req,"CdcBokgChrgSts
Not req"
00:04:33.746800,97.843,CdcBokgChrgSts:Not req,"CdcBokgChrgSts
Not req"
00:04:33.847356,97.943,CdcBokgChrgSts:Not req,"CdcBokgChrgSts
Not req"
00:04:33.948537,98.044,CdcBokgChrgSts:Not req,"CdcBokgChrgSts
Not req"
00:04:34.046968,98.143,CdcBokgChrgSts:Not req,"CdcBokgChrgSts
Not req"
00:04:34.148413,98.244,CdcBokgChrgSts:Not req,"CdcBokgChrgSts
Not req"
00:04:34.247785,98.344,CdcBokgChrgSts:Not req,"CdcBokgChrgSts
Not req"
00:04:34.348607,98.444,CdcBokgChrgSts:Not req,"CdcBokgChrgSts
Not req"
00:04:34.449637,98.545,CdcBokgChrgSts:Not req,"CdcBokgChrgSts
Not req"
00:04:34.549127,98.645,CdcBokgChrgSts:Not req,"CdcBokgChrgSts
Not req"
00:04:34.649558,98.745,CdcBokgChrgSts:Not req,"CdcBokgChrgSts
Not req"
00:04:34.749551,98.845,CdcBokgChrgSts:Not req,"CdcBokgChrgSts
Not req"
00:04:34.849809,98.946,CdcBokgChrgSts:Not req,"CdcBokgChrgSts
Not req"
00:04:34.949574,99.045,CdcBokgChrgSts:Not req,"CdcBokgChrgSts
Not req"
00:04:35.050119,99.146,CdcBokgChrgSts:Not req,"CdcBokgChrgSts
Not req"
00:04:35.151486,99.247,CdcBokgChrgSts:Not req,"CdcBokgChrgSts
Not req"
00:04:35.251318,99.347,CdcBokgChrgSts:Not req,"CdcBokgChrgSts
Not req"
00:04:35.351165,99.447,CdcBokgChrgSts:Not req,"CdcBokgChrgSts
Not req"
00:04:35.448310,99.544,CdcBokgChrgSts:Not req,"CdcBokgChrgSts
Not req"
00:04:35.550853,99.647,CdcBokgChrgSts:Not req,"CdcBokgChrgSts
Not req"
00:04:35.651008,99.747,CdcBokgChrgSts:Not req,"CdcBokgChrgSts
Not req"
00:04:35.752055,99.848,CdcBokgChrgSts:Not req,"CdcBokgChrgSts
Not req"
00:04:35.850557,99.946,CdcBokgChrgSts:Not req,"CdcBokgChrgSts
Not req"
00:04:35.952302,100.048,CdcBokgChrgSts:Not req,"CdcBokgChrgSts
Not req"
00:04:36.051244,100.147,CdcBokgChrgSts:Not req,"CdcBokgChrgSts
Not req"
00:04:36.151224,100.247,CdcBokgChrgSts:Not req,"CdcBokgChrgSts
Not req"
00:04:36.253099,100.349,CdcBokgChrgSts:Not req,"CdcBokgChrgSts
Not req"
00:04:36.352279,100.448,CdcBokgChrgSts:Not req,"CdcBokgChrgSts
Not req"
00:04:36.452119,100.548,CdcBokgChrgSts:Not req,"CdcBokgChrgSts
Not req"
00:04:36.552685,100.649,CdcBokgChrgSts:Not req,"CdcBokgChrgSts
Not req"
00:04:36.653761,100.750,CdcBokgChrgSts:Not req,"CdcBokgChrgSts
Not req"
00:04:36.752978,100.849,CdcBokgChrgSts:Not req,"CdcBokgChrgSts
Not req"
00:04:36.853952,100.950,CdcBokgChrgSts:Not req,"CdcBokgChrgSts
Not req"
00:04:36.952832,101.049,CdcBokgChrgSts:Not req,"CdcBokgChrgSts
Not req"
00:04:37.054487,101.150,CdcBokgChrgSts:Not req,"CdcBokgChrgSts
Not req"
00:04:37.154122,101.250,CdcBokgChrgSts:Not req,"CdcBokgChrgSts
Not req"
00:04:37.254034,101.350,CdcBokgChrgSts:Not req,"CdcBokgChrgSts
Not req"
00:04:37.355282,101.451,CdcBokgChrgSts:Not req,"CdcBokgChrgSts
Not req"
00:04:37.454517,101.550,CdcBokgChrgSts:Not req,"CdcBokgChrgSts
Not req"
00:04:37.555624,101.651,CdcBokgChrgSts:Not req,"CdcBokgChrgSts
Not req"
00:04:37.654591,101.750,CdcBokgChrgSts:Not req,"CdcBokgChrgSts
Not req"
00:04:37.754953,101.851,CdcBokgChrgSts:Not req,"CdcBokgChrgSts
Not req"
00:04:37.855207,101.951,CdcBokgChrgSts:Not req,"CdcBokgChrgSts
Not req"
00:04:37.955724,102.052,CdcBokgChrgSts:Not req,"CdcBokgChrgSts
Not req"
00:04:38.055972,102.152,CdcBokgChrgSts:Not req,"CdcBokgChrgSts
Not req"
00:04:38.155865,102.252,CdcBokgChrgSts:Not req,"CdcBokgChrgSts
Not req"
00:04:38.256107,102.352,CdcBokgChrgSts:Not req,"CdcBokgChrgSts
Not req"
00:04:38.357480,102.453,CdcBokgChrgSts:Not req,"CdcBokgChrgSts
Not req"
00:04:38.456463,102.552,CdcBokgChrgSts:Not req,"CdcBokgChrgSts
Not req"
00:04:38.556530,102.652,CdcBokgChrgSts:Not req,"CdcBokgChrgSts
Not req"
00:04:38.657355,102.753,CdcBokgChrgSts:Not req,"CdcBokgChrgSts
Not req"
00:04:38.758051,102.854,CdcBokgChrgSts:Not req,"CdcBokgChrgSts
Not req"
00:04:38.857592,102.953,CdcBokgChrgSts:Not req,"CdcBokgChrgSts
Not req"
00:04:38.957806,103.054,CdcBokgChrgSts:Not req,"CdcBokgChrgSts
Not req"
00:04:39.057744,103.154,CdcBokgChrgSts:Not req,"CdcBokgChrgSts
Not req"
00:04:39.157463,103.253,CdcBokgChrgSts:Not req,"CdcBokgChrgSts
Not req"
00:04:39.258358,103.354,CdcBokgChrgSts:Not req,"CdcBokgChrgSts
Not req"
00:04:39.362764,103.459,CdcBokgChrgSts:Not req,"CdcBokgChrgSts
Not req"
00:04:39.458098,103.554,CdcBokgChrgSts:Not req,"CdcBokgChrgSts
Not req"
00:04:39.558767,103.655,CdcBokgChrgSts:Not req,"CdcBokgChrgSts
Not req"
00:04:39.658290,103.754,CdcBokgChrgSts:Not req,"CdcBokgChrgSts
Not req"
00:04:39.759626,103.855,CdcBokgChrgSts:Not req,"CdcBokgChrgSts
Not req"
00:04:39.859182,103.955,CdcBokgChrgSts:Not req,"CdcBokgChrgSts
Not req"
00:04:39.959385,104.055,CdcBokgChrgSts:Not req,"CdcBokgChrgSts
Not req"
00:04:40.060368,104.156,CdcBokgChrgSts:Not req,"CdcBokgChrgSts
Not req"
00:04:40.159366,104.255,CdcBokgChrgSts:Not req,"CdcBokgChrgSts
Not req"
00:04:40.260527,104.356,CdcBokgChrgSts:Not req,"CdcBokgChrgSts
Not req"
00:04:40.361106,104.457,CdcBokgChrgSts:Not req,"CdcBokgChrgSts
Not req"
00:04:40.458669,104.555,CdcBokgChrgSts:Not req,"CdcBokgChrgSts
Not req"
00:04:40.560555,104.656,CdcBokgChrgSts:Not req,"CdcBokgChrgSts
Not req"
00:04:40.660224,104.756,CdcBokgChrgSts:Not req,"CdcBokgChrgSts
Not req"
